PRIMER NOMBRE;APELLIDO PATERNO;TIPO IDENTIFICACION;CEDULA/PASAPORTE;TIPO DE SOCIO;SUCURSAL REGISTRO;FECHA NACIMIENTO;GENERO;DISCAPACIDAD;ESTADO CIVIL;Nro CARGAS FAMILIARES;ACTIVIDAD ECONOMICA
Andrea;Foster;C;1004002000;GARANTE;Mira;02/03/2014;F;;CASADO;2;Tendero
Michael;Shaw;C;1002003000;CLIENTE;Mira;06/04/2014;M;NO;CASADO;0;Tendero
Gloria;Wright;C;1002003000;CLIENTE;Mira;14/04/2014;M;NO;CASADO;3;Artesano
Gregory;Nguyen;C;1004002000;CLIENTE;Pimampiro;23/07/2014;F;SI;SOLTERO;3;Costurero
Albert;Ortiz;C;1002003000;CLIENTE;Mira;25/07/2014;M;NO;SOLTERO;2;Heladero
Theresa;Foster;C;1002003000;CLIENTE;Urcuqui;17/12/2013;F;NO;SOLTERO;1;Heladero
Russell;Bowman;C;1002003000;GARANTE;Mira;08/07/2014;M;NO;SOLTERO;;Digitado
John;Hunt;C;1002003000;GARANTE;Pimampiro;18/04/2014;M;NO;DIVORCIADO;0;Costurero
Lisa;Perkins;C;1004002000;CLIENTE;El Angel;22/05/2014;M;NO;SOLTERO;0;Digitado
Annie;Murphy;C;1002003000;GARANTE;Mira;29/06/2014;M;NO;SOLTERO;2;Panadero
Wanda;Barnes;C;1004002000;CLIENTE;Mira;18/06/2014;M;NO;SOLTERO;1;Mecánico
Doris;Hayes;C;1002003000;CLIENTE;El Angel;03/09/2014;F;NO;SOLTERO;1;Tendero
Jeffrey;Webb;C;1002003000;CLIENTE;Mira;13/10/2014;M;NO;SOLTERO;;Mecánico
Timothy;Ramos;C;1002003000;CLIENTE;Mira;04/03/2014;M;NO;SOLTERO;1;Mecánico
Kathy;Cunningham;C;1004002000;CLIENTE;Urcuqui;02/09/2014;M;NO;SOLTERO;0;Comerciante
Julie;White;C;1002003000;CLIENTE;Mira;24/06/2014;M;NO;DIVORCIADO;3;Comerciante
Scott;James;C;1004002000;CLIENTE;Pimampiro;28/11/2013;F;;SOLTERO;;Comerciante
Justin;Gibson;C;1002003000;CLIENTE;El Angel;15/07/2014;M;SI;CASADO;3;Tendero
Tina;Riley;C;1002003000;CLIENTE;Mira;18/08/2014;M;NO;CASADO;3;Mecánico
Ronald;Wallace;C;1004002000;CLIENTE;El Angel;30/03/2014;F;SI;SOLTERO;;Lechero
Betty;Butler;C;1002003000;CLIENTE;Urcuqui;25/11/2013;M;NO;DIVORCIADO;1;Escultor
Jessica;Johnston;C;1004002000;CLIENTE;Pimampiro;13/04/2014;M;SI;VIUDO;3;Costurero
Jerry;Mitchell;P;1002003000;CLIENTE;Mira;09/04/2014;M;NO;SOLTERO;2;Mecánico
Lori;Palmer;C;1004002000;CLIENTE;El Angel;12/02/2014;F;NO;VIUDO;4;Heladero
Lisa;Walker;C;1004002000;CLIENTE;Pimampiro;26/01/2014;M;NO;CASADO;1;Mecánico
Russell;Gutierrez;C;1002003000;CLIENTE;El Angel;09/09/2014;F;NO;CASADO;1;Carnicero
Steve;Fernandez;C;1004002000;CLIENTE;Pimampiro;30/03/2014;F;NO;CASADO;1;Heladero
Paul;Moore;C;1004002000;CLIENTE;Pimampiro;03/02/2014;M;NO;DIVORCIADO;2;Heladero
Cheryl;Cox;C;1002003000;CLIENTE;El Angel;12/04/2014;M;NO;SOLTERO;3;Artesano
Kelly;Moore;C;1002003000;GARANTE;Urcuqui;24/12/2013;M;SI;SOLTERO;4;Digitado
Edward;Nguyen;C;1004002000;CLIENTE;Urcuqui;13/06/2014;F;NO;SOLTERO;0;Comerciante
Angela;Day;C;1002003000;CLIENTE;Mira;24/11/2013;M;;CASADO;0;Heladero
Debra;Gomez;C;1004002000;CLIENTE;Pimampiro;;F;SI;CASADO;0;Carnicero
Larry;Franklin;C;1004002000;CLIENTE;Pimampiro;08/08/2014;M;NO;DIVORCIADO;2;Costurero
Tina;Welch;C;1004002000;CLIENTE;Urcuqui;16/01/2014;M;NO;DIVORCIADO;3;Costurero
Nicholas;Clark;C;1002003000;CLIENTE;Urcuqui;07/07/2014;F;NO;CASADO;;Carnicero
Sara;James;C;1004002000;CLIENTE;Pimampiro;10/07/2014;F;SI;SOLTERO;1;Comerciante
Lawrence;Vasquez;P;1002003000;CLIENTE;Pimampiro;21/11/2013;F;NO;SOLTERO;4;Digitado
Linda;Ferguson;C;1004002000;GARANTE;Urcuqui;02/07/2014;F;NO;DIVORCIADO;2;Heladero
Jimmy;Romero;C;1004002000;CLIENTE;Mira;02/02/2014;M;NO;DIVORCIADO;0;Comerciante
Samuel;Lynch;C;1002003000;GARANTE;Mira;22/06/2014;M;NO;SOLTERO;2;Lechero
Kimberly;Campbell;C;1002003000;GARANTE;El Angel;26/12/2013;M;NO;CASADO;0;Digitado
Julia;Tucker;C;1002003000;CLIENTE;El Angel;20/04/2014;M;NO;CASADO;2;Digitado
Charles;Knight;P;1002003000;CLIENTE;Mira;16/03/2014;M;SI;CASADO;;Tendero
Nicole;Pierce;C;1004002000;CLIENTE;Mira;15/05/2014;M;NO;SOLTERO;1;Costurero
Diana;Hawkins;P;1004002000;CLIENTE;Urcuqui;14/03/2014;M;NO;VIUDO;;Mecánico
Jennifer;Mcdonald;C;1004002000;CLIENTE;Mira;02/02/2014;F;NO;CASADO;;Costurero
Arthur;Wood;C;1002003000;CLIENTE;Mira;27/02/2014;F;NO;DIVORCIADO;3;Digitado
Jane;Cunningham;C;1002003000;CLIENTE;Pimampiro;21/12/2013;M;NO;SOLTERO;2;Heladero
Jean;Ramirez;C;1002003000;CLIENTE;Urcuqui;04/04/2014;F;NO;;;Mecánico
Andrew;Long;C;1004002000;CLIENTE;El Angel;03/05/2014;M;NO;SOLTERO;2;Comerciante
Marie;Rodriguez;C;1004002000;CLIENTE;Urcuqui;06/06/2014;F;SI;CASADO;;Artesano
Phillip;Meyer;C;1002003000;CLIENTE;El Angel;27/10/2014;F;NO;CASADO;3;Panadero
Adam;Ortiz;C;1002003000;CLIENTE;El Angel;21/05/2014;M;NO;CASADO;;Panadero
Catherine;Butler;C;1002003000;GARANTE;Urcuqui;17/09/2014;M;NO;SOLTERO;3;Digitado
Kenneth;Morris;P;1002003000;CLIENTE;Pimampiro;21/02/2014;F;NO;DIVORCIADO;2;Digitado
Ashley;Jenkins;C;1004002000;CLIENTE;El Angel;25/09/2014;F;NO;DIVORCIADO;2;Heladero
Gary;Black;C;1002003000;GARANTE;Pimampiro;13/06/2014;M;SI;SOLTERO;3;Heladero
Daniel;Lewis;C;1004002000;CLIENTE;Urcuqui;07/11/2014;M;NO;VIUDO;;Lechero
David;Pierce;C;1002003000;CLIENTE;Urcuqui;18/03/2014;F;NO;CASADO;;Heladero
Dennis;Wagner;C;1004002000;CLIENTE;Urcuqui;18/07/2014;M;NO;CASADO;0;Panadero
Kathryn;Jordan;C;1004002000;CLIENTE;Urcuqui;22/06/2014;F;NO;DIVORCIADO;;Mecánico
Kathryn;Fox;C;1004002000;CLIENTE;Pimampiro;31/10/2014;F;NO;SOLTERO;2;Comerciante
Peter;Berry;C;1002003000;CLIENTE;Pimampiro;31/03/2014;F;NO;;1;Lechero
Kathy;Rogers;C;1004002000;CLIENTE;Pimampiro;22/08/2014;M;NO;SOLTERO;2;Escultor
Brenda;Miller;C;1004002000;CLIENTE;Mira;24/05/2014;F;NO;SOLTERO;3;Comerciante
Jane;Willis;C;1004002000;GARANTE;Pimampiro;03/04/2014;M;NO;VIUDO;;Lechero
Jean;Bishop;C;1004002000;GARANTE;Pimampiro;20/12/2013;F;SI;VIUDO;3;Artesano
Doris;Hudson;P;1002003000;CLIENTE;El Angel;08/06/2014;F;NO;CASADO;1;Lechero
Robin;Hughes;C;1004002000;CLIENTE;Urcuqui;05/11/2014;F;NO;VIUDO;;Artesano
Rose;Morgan;C;1004002000;CLIENTE;Mira;09/07/2014;M;NO;CASADO;2;Tendero
Theresa;Cook;C;1002003000;GARANTE;Urcuqui;25/07/2014;M;NO;DIVORCIADO;3;Comerciante
Henry;Allen;C;1002003000;CLIENTE;Urcuqui;15/12/2013;M;NO;CASADO;0;Artesano
Victor;Lopez;C;1002003000;CLIENTE;Pimampiro;08/11/2014;F;SI;VIUDO;;Artesano
Gloria;Arnold;C;1002003000;GARANTE;Pimampiro;16/03/2014;M;NO;CASADO;;Mecánico
Ryan;Wagner;C;1002003000;CLIENTE;Urcuqui;;F;;CASADO;;Mecánico
Carol;Hawkins;P;1002003000;CLIENTE;El Angel;03/07/2014;F;NO;CASADO;;Mecánico
Louise;Thomas;C;1004002000;GARANTE;Pimampiro;31/01/2014;F;NO;CASADO;3;Carnicero
Jacqueline;Stewart;C;1004002000;CLIENTE;Urcuqui;11/04/2014;M;NO;VIUDO;1;Carnicero
Philip;Rodriguez;C;1002003000;CLIENTE;Pimampiro;28/07/2014;M;NO;SOLTERO;3;Panadero
Samuel;Hudson;C;1002003000;CLIENTE;El Angel;10/04/2014;M;NO;CASADO;;Panadero
Raymond;Lopez;C;1004002000;CLIENTE;Urcuqui;15/10/2014;M;NO;CASADO;0;Tendero
Samuel;Diaz;C;1004002000;CLIENTE;Pimampiro;10/10/2014;F;NO;VIUDO;1;Comerciante
Patrick;Romero;C;1004002000;CLIENTE;El Angel;16/07/2014;F;SI;CASADO;3;Mecánico
Carlos;Williams;C;1004002000;CLIENTE;El Angel;;M;NO;SOLTERO;1;Costurero
James;Rice;C;1004002000;CLIENTE;Mira;19/02/2014;F;NO;DIVORCIADO;;Mecánico
Richard;Hudson;C;1002003000;CLIENTE;El Angel;18/02/2014;F;NO;CASADO;;Digitado
Eric;Martinez;C;1002003000;CLIENTE;El Angel;08/09/2014;F;NO;VIUDO;1;Artesano
Kathy;Collins;C;1002003000;CLIENTE;Urcuqui;;M;NO;SOLTERO;3;Mecánico
Ernest;Hawkins;C;1002003000;CLIENTE;Mira;16/06/2014;M;NO;DIVORCIADO;;Tendero
Dennis;Peters;C;1002003000;CLIENTE;El Angel;25/04/2014;F;NO;SOLTERO;2;Digitado
Arthur;Lawrence;C;1002003000;GARANTE;Mira;25/05/2014;F;NO;SOLTERO;;Escultor
Alan;Gonzalez;C;1004002000;CLIENTE;Mira;31/07/2014;M;SI;SOLTERO;;Heladero
Justin;Smith;C;1004002000;CLIENTE;Pimampiro;14/01/2014;M;NO;CASADO;1;Digitado
Lawrence;Ward;C;1004002000;CLIENTE;Mira;22/05/2014;M;NO;CASADO;2;Escultor
Paul;Nguyen;P;1004002000;GARANTE;El Angel;19/10/2014;F;NO;CASADO;3;Lechero
Frank;Young;C;1002003000;CLIENTE;Urcuqui;12/11/2014;M;NO;CASADO;0;Heladero
Betty;Mccoy;C;1004002000;CLIENTE;Urcuqui;29/06/2014;F;NO;SOLTERO;;Escultor
Richard;Porter;C;1002003000;CLIENTE;Urcuqui;18/10/2014;F;SI;DIVORCIADO;;Comerciante
Robert;Jones;C;1004002000;CLIENTE;Mira;20/12/2013;M;NO;DIVORCIADO;;Digitado
George;Nelson;P;1004002000;CLIENTE;Mira;15/10/2014;M;NO;CASADO;;Comerciante
Joe;Hayes;C;1004002000;CLIENTE;Urcuqui;20/03/2014;M;NO;CASADO;2;Mecánico
Justin;Reyes;P;1002003000;CLIENTE;Pimampiro;12/09/2014;M;NO;VIUDO;1;Tendero
Emily;Scott;P;1002003000;CLIENTE;Urcuqui;08/02/2014;F;NO;;2;Artesano
Harry;Lane;C;1002003000;CLIENTE;Pimampiro;30/10/2014;M;NO;;2;Comerciante
Eugene;Griffin;C;1004002000;CLIENTE;Urcuqui;27/11/2013;F;SI;SOLTERO;3;Digitado
Emily;Lawrence;C;1002003000;CLIENTE;El Angel;22/05/2014;M;NO;CASADO;1;Digitado
Anna;Gutierrez;C;1004002000;CLIENTE;El Angel;13/10/2014;F;NO;SOLTERO;;Mecánico
Betty;Boyd;C;1004002000;CLIENTE;Pimampiro;06/01/2014;F;NO;CASADO;2;Comerciante
Steven;Fowler;C;1004002000;CLIENTE;El Angel;15/02/2014;M;NO;SOLTERO;;Panadero
Diana;Jones;C;1004002000;CLIENTE;Urcuqui;10/11/2014;M;NO;CASADO;;Digitado
Carolyn;Banks;C;1002003000;CLIENTE;El Angel;22/07/2014;F;NO;CASADO;;Panadero
Larry;Carr;C;1002003000;CLIENTE;Urcuqui;08/01/2014;F;NO;DIVORCIADO;;Lechero
Henry;Cunningham;C;1002003000;CLIENTE;Pimampiro;21/12/2013;M;NO;SOLTERO;0;Panadero
Phyllis;Watkins;C;1002003000;CLIENTE;Mira;13/01/2014;M;NO;CASADO;2;Heladero
Kathleen;Rose;C;1004002000;CLIENTE;Urcuqui;09/11/2014;M;NO;CASADO;3;Carnicero
Marilyn;Mendoza;C;1002003000;CLIENTE;Urcuqui;28/12/2013;M;NO;CASADO;3;Heladero
Steve;Gibson;C;1004002000;GARANTE;El Angel;26/02/2014;M;NO;SOLTERO;2;Carnicero
Kenneth;Wagner;C;1002003000;CLIENTE;Urcuqui;09/09/2014;M;NO;CASADO;3;Heladero
Carolyn;Marshall;C;1004002000;CLIENTE;Pimampiro;22/04/2014;M;NO;DIVORCIADO;;Carnicero
Barbara;Cooper;C;1002003000;CLIENTE;El Angel;03/07/2014;F;SI;SOLTERO;0;Artesano
George;Matthews;C;1002003000;CLIENTE;Urcuqui;17/06/2014;M;SI;CASADO;;Digitado
Lori;Jenkins;C;1002003000;CLIENTE;El Angel;21/04/2014;F;NO;SOLTERO;3;Panadero
Benjamin;Duncan;C;1002003000;GARANTE;El Angel;06/12/2013;M;NO;CASADO;3;Mecánico
Jesse;Fields;P;1002003000;CLIENTE;El Angel;03/11/2014;F;NO;CASADO;;Costurero
Susan;Davis;P;1002003000;CLIENTE;El Angel;10/12/2013;M;;SOLTERO;;Mecánico
Matthew;Butler;C;1004002000;CLIENTE;El Angel;20/02/2014;F;NO;DIVORCIADO;;Costurero
Nicole;Scott;C;1002003000;GARANTE;Urcuqui;27/06/2014;M;NO;CASADO;1;Digitado
Justin;Gonzalez;C;1002003000;CLIENTE;Urcuqui;10/05/2014;F;NO;CASADO;;Artesano
Joan;Russell;C;1004002000;CLIENTE;El Angel;21/09/2014;F;NO;SOLTERO;;Tendero
Thomas;Hawkins;C;1002003000;CLIENTE;Mira;08/10/2014;M;NO;CASADO;;Panadero
Ronald;Daniels;C;1004002000;CLIENTE;;07/12/2013;M;SI;CASADO;2;Heladero
Gary;Tucker;C;1004002000;CLIENTE;Pimampiro;31/03/2014;F;NO;CASADO;;Carnicero
Charles;Carter;C;1002003000;CLIENTE;El Angel;13/01/2014;M;;CASADO;2;Mecánico
Edward;Ryan;P;1002003000;GARANTE;Pimampiro;20/04/2014;M;NO;CASADO;;Heladero
Denise;Nguyen;C;1002003000;CLIENTE;El Angel;11/06/2014;F;NO;VIUDO;1;Digitado
Doris;Fernandez;C;1004002000;GARANTE;Mira;16/01/2014;M;SI;CASADO;;Costurero
Jesse;Snyder;C;1002003000;CLIENTE;Mira;25/06/2014;F;NO;SOLTERO;1;Comerciante
Edward;Freeman;C;1004002000;CLIENTE;Pimampiro;28/04/2014;M;NO;DIVORCIADO;;Panadero
Roy;Kennedy;C;1004002000;GARANTE;Mira;12/02/2014;M;NO;SOLTERO;1;Tendero
Jerry;Dixon;C;1004002000;CLIENTE;Pimampiro;15/07/2014;F;NO;VIUDO;;Lechero
Lois;Powell;C;1002003000;CLIENTE;Pimampiro;15/06/2014;M;NO;CASADO;3;Mecánico
Douglas;Garza;C;1004002000;CLIENTE;Pimampiro;04/04/2014;M;NO;CASADO;3;Costurero
Ashley;Wood;C;1004002000;CLIENTE;Pimampiro;30/03/2014;F;NO;SOLTERO;1;Mecánico
Frank;Torres;C;1004002000;CLIENTE;Mira;28/10/2014;F;;CASADO;1;Comerciante
Nicholas;Wilson;C;1002003000;CLIENTE;Pimampiro;17/06/2014;F;NO;;3;Escultor
Denise;Vasquez;C;1002003000;CLIENTE;El Angel;26/09/2014;M;NO;SOLTERO;3;Escultor
Douglas;Ryan;C;1002003000;CLIENTE;Urcuqui;14/09/2014;M;NO;CASADO;;Panadero
Patricia;West;C;1002003000;GARANTE;Mira;19/12/2013;M;NO;;4;Digitado
Scott;Matthews;P;1004002000;CLIENTE;Mira;02/06/2014;F;NO;CASADO;;Heladero
Joan;Wagner;C;1004002000;CLIENTE;El Angel;19/10/2014;F;NO;SOLTERO;2;Comerciante
Jack;Mills;C;1002003000;CLIENTE;El Angel;14/05/2014;F;NO;SOLTERO;2;Artesano
Anthony;Nichols;C;1002003000;CLIENTE;El Angel;;F;NO;CASADO;2;Tendero
Carolyn;Cooper;C;1004002000;CLIENTE;El Angel;28/04/2014;F;NO;CASADO;1;Digitado
Eric;Harper;C;1004002000;CLIENTE;El Angel;02/02/2014;F;NO;SOLTERO;;Escultor
Samuel;Gray;P;1002003000;CLIENTE;Pimampiro;07/02/2014;F;NO;DIVORCIADO;3;Tendero
Katherine;Lawrence;C;1004002000;CLIENTE;Mira;25/08/2014;M;NO;SOLTERO;;Panadero
Thomas;Stanley;C;1002003000;CLIENTE;Urcuqui;14/04/2014;F;NO;CASADO;;Carnicero
Wanda;Davis;C;1002003000;CLIENTE;Urcuqui;04/11/2014;M;NO;VIUDO;2;Tendero
Jonathan;Scott;C;1004002000;GARANTE;Mira;20/11/2013;M;NO;VIUDO;;Costurero
Peter;Bennett;C;1002003000;CLIENTE;Pimampiro;14/01/2014;M;NO;DIVORCIADO;3;Costurero
Peter;Stone;C;1002003000;CLIENTE;Pimampiro;17/08/2014;M;NO;SOLTERO;;Escultor
Andrew;Hanson;C;1004002000;CLIENTE;Urcuqui;29/08/2014;F;NO;CASADO;3;Digitado
Jeremy;Owens;C;1002003000;CLIENTE;Pimampiro;17/10/2014;M;NO;CASADO;2;Tendero
Katherine;Armstrong;C;1002003000;CLIENTE;Mira;28/10/2014;M;NO;SOLTERO;2;Tendero
Irene;Butler;C;1002003000;CLIENTE;Urcuqui;18/03/2014;F;NO;DIVORCIADO;1;Escultor
Brenda;Lawrence;P;1004002000;CLIENTE;Mira;04/12/2013;M;NO;CASADO;2;Mecánico
Louise;Turner;P;1004002000;CLIENTE;;16/02/2014;M;NO;SOLTERO;;Artesano
Thomas;Griffin;C;1004002000;GARANTE;El Angel;26/07/2014;M;NO;DIVORCIADO;;Costurero
Daniel;Morris;C;1002003000;CLIENTE;Mira;08/04/2014;M;NO;CASADO;;Digitado
Teresa;Armstrong;C;1004002000;CLIENTE;Pimampiro;12/02/2014;M;NO;DIVORCIADO;0;Heladero
Rose;Robertson;C;1002003000;CLIENTE;Mira;26/08/2014;F;NO;DIVORCIADO;3;Lechero
Sara;Mcdonald;C;1004002000;CLIENTE;Pimampiro;08/02/2014;M;NO;VIUDO;0;Tendero
Howard;Watson;C;1002003000;CLIENTE;Pimampiro;29/04/2014;F;SI;CASADO;;Comerciante
Jeremy;Martin;C;1004002000;CLIENTE;Urcuqui;26/05/2014;F;NO;CASADO;0;Lechero
Jeffrey;Wright;P;1002003000;CLIENTE;Pimampiro;01/07/2014;M;;SOLTERO;0;Costurero
Martha;Morales;C;1004002000;CLIENTE;El Angel;10/02/2014;M;;SOLTERO;3;Digitado
Janet;Hayes;C;1002003000;CLIENTE;Urcuqui;22/12/2013;F;NO;CASADO;;Escultor
Joshua;Bradley;C;1002003000;CLIENTE;El Angel;18/05/2014;F;NO;SOLTERO;0;Heladero
Joseph;Gibson;C;1004002000;CLIENTE;Mira;04/02/2014;F;NO;CASADO;2;Costurero
Heather;Crawford;C;1004002000;CLIENTE;Mira;07/09/2014;M;NO;CASADO;1;Lechero
Alice;Montgomery;C;1004002000;CLIENTE;Mira;01/09/2014;M;NO;CASADO;;Digitado
Adam;Daniels;C;1002003000;CLIENTE;El Angel;;F;NO;CASADO;4;Heladero
Victor;Hart;C;1002003000;CLIENTE;Urcuqui;22/04/2014;F;NO;SOLTERO;3;Digitado
Matthew;Clark;P;1004002000;CLIENTE;Mira;09/06/2014;M;NO;SOLTERO;0;Digitado
Joe;Kim;P;1002003000;GARANTE;El Angel;22/05/2014;M;NO;CASADO;;Mecánico
Ralph;Berry;C;1004002000;CLIENTE;Urcuqui;30/11/2013;M;SI;SOLTERO;0;Digitado
Jason;Walker;C;1002003000;CLIENTE;El Angel;28/05/2014;M;NO;DIVORCIADO;;Panadero
Susan;Reid;C;1002003000;CLIENTE;Mira;01/08/2014;F;SI;SOLTERO;3;Digitado
Jesse;Wagner;C;1004002000;CLIENTE;Urcuqui;18/05/2014;M;NO;CASADO;;Panadero
Craig;Cook;C;1004002000;CLIENTE;El Angel;26/02/2014;F;NO;CASADO;1;Panadero
Arthur;Welch;C;1002003000;GARANTE;Urcuqui;15/08/2014;F;NO;CASADO;0;Comerciante
Craig;Black;C;1002003000;CLIENTE;Urcuqui;10/11/2014;F;NO;DIVORCIADO;0;Mecánico
Larry;Long;C;1002003000;CLIENTE;Mira;03/02/2014;M;NO;SOLTERO;4;Heladero
Ann;Kelly;C;1002003000;CLIENTE;Urcuqui;25/09/2014;M;;SOLTERO;1;Comerciante
Alice;Morgan;C;1004002000;CLIENTE;Urcuqui;16/02/2014;M;NO;SOLTERO;;Digitado
Arthur;Allen;C;1002003000;CLIENTE;El Angel;23/08/2014;M;NO;CASADO;1;Mecánico
Jose;Ramos;C;1002003000;CLIENTE;Urcuqui;17/06/2014;M;NO;SOLTERO;;Artesano
Carl;Snyder;C;1002003000;GARANTE;El Angel;30/11/2013;F;NO;VIUDO;;Artesano
Louise;Mccoy;P;1004002000;CLIENTE;El Angel;19/04/2014;F;NO;SOLTERO;3;Costurero
Johnny;Thompson;C;1004002000;GARANTE;Pimampiro;02/10/2014;F;NO;DIVORCIADO;3;Panadero
Jeffrey;Anderson;C;1004002000;CLIENTE;Pimampiro;11/07/2014;M;NO;CASADO;1;Tendero
Tammy;Wells;C;1002003000;CLIENTE;Mira;09/09/2014;F;NO;CASADO;;Mecánico
Gloria;Welch;C;1002003000;CLIENTE;El Angel;05/10/2014;F;NO;SOLTERO;2;Digitado
Steven;Mitchell;C;1002003000;CLIENTE;Pimampiro;;M;NO;SOLTERO;0;Tendero
Samuel;Woods;P;1004002000;GARANTE;El Angel;13/12/2013;F;NO;CASADO;1;Digitado
Joshua;Fisher;C;1004002000;GARANTE;Mira;07/02/2014;M;NO;SOLTERO;1;Lechero
Janice;Allen;C;1002003000;GARANTE;El Angel;;M;NO;CASADO;3;Costurero
Peter;Spencer;C;1004002000;CLIENTE;Urcuqui;21/01/2014;F;NO;SOLTERO;1;Heladero
Irene;Fowler;C;1002003000;CLIENTE;Pimampiro;29/12/2013;F;NO;DIVORCIADO;;Comerciante
Karen;Hunter;C;1002003000;CLIENTE;Mira;31/05/2014;M;NO;;4;Comerciante
Kathryn;Evans;C;1004002000;CLIENTE;Mira;13/01/2014;F;NO;VIUDO;2;Artesano
Julie;Hernandez;C;1004002000;CLIENTE;Urcuqui;12/02/2014;M;NO;CASADO;3;Mecánico
Rebecca;Hansen;C;1004002000;CLIENTE;El Angel;22/02/2014;M;NO;SOLTERO;;Escultor
Lisa;Crawford;C;1004002000;CLIENTE;Pimampiro;29/08/2014;M;NO;VIUDO;;Carnicero
Dorothy;Burke;C;1002003000;CLIENTE;;;F;NO;SOLTERO;0;Panadero
Lori;Long;C;1004002000;CLIENTE;Pimampiro;27/06/2014;M;NO;CASADO;0;Panadero
Todd;Stephens;C;1004002000;CLIENTE;El Angel;07/06/2014;M;NO;SOLTERO;2;Carnicero
Brenda;Richards;C;1004002000;CLIENTE;El Angel;23/01/2014;F;NO;CASADO;4;Digitado
Lawrence;Jones;C;1004002000;CLIENTE;El Angel;27/05/2014;M;SI;VIUDO;3;Comerciante
Aaron;Stone;C;1002003000;CLIENTE;El Angel;09/06/2014;F;NO;CASADO;;Comerciante
Donald;Elliott;C;1004002000;CLIENTE;El Angel;28/07/2014;F;NO;CASADO;;Escultor
Joe;Cox;C;1002003000;CLIENTE;Mira;11/03/2014;F;NO;SOLTERO;3;Costurero
George;Rice;C;1004002000;CLIENTE;Urcuqui;22/08/2014;M;NO;SOLTERO;2;Lechero
Helen;Moreno;C;1004002000;CLIENTE;Urcuqui;09/03/2014;F;NO;DIVORCIADO;;Tendero
Joseph;Kim;C;1004002000;CLIENTE;Urcuqui;29/03/2014;M;NO;DIVORCIADO;1;Costurero
Elizabeth;Wood;P;1004002000;CLIENTE;Pimampiro;03/03/2014;F;SI;;4;Carnicero
Benjamin;Porter;P;1002003000;CLIENTE;Mira;31/07/2014;F;NO;SOLTERO;0;Mecánico
Richard;Hughes;C;1004002000;CLIENTE;Mira;09/01/2014;M;NO;CASADO;;Mecánico
Jesse;Matthews;C;1002003000;CLIENTE;El Angel;27/12/2013;M;NO;CASADO;;Tendero
Steven;Roberts;P;1002003000;CLIENTE;Mira;17/05/2014;F;NO;VIUDO;0;Heladero
Sharon;Ramirez;C;1004002000;CLIENTE;Urcuqui;16/12/2013;F;NO;SOLTERO;0;Heladero
Joe;Allen;C;1004002000;CLIENTE;Pimampiro;02/05/2014;M;NO;SOLTERO;2;Comerciante
Melissa;Gray;C;1004002000;CLIENTE;Mira;17/08/2014;M;NO;VIUDO;3;Costurero
Benjamin;Payne;C;1004002000;CLIENTE;Pimampiro;08/08/2014;M;NO;SOLTERO;2;Costurero
Frank;Gutierrez;C;1002003000;CLIENTE;El Angel;21/09/2014;M;NO;VIUDO;1;Lechero
Gary;Gordon;C;1002003000;CLIENTE;Pimampiro;07/12/2013;M;NO;SOLTERO;1;Panadero
Lois;Diaz;C;1002003000;CLIENTE;Mira;01/12/2013;M;NO;VIUDO;;Mecánico
Philip;Hudson;C;1004002000;CLIENTE;Pimampiro;15/09/2014;M;NO;VIUDO;1;Escultor
Frank;Cruz;C;1002003000;CLIENTE;Urcuqui;07/05/2014;M;NO;SOLTERO;;Carnicero
Emily;Hanson;C;1004002000;CLIENTE;El Angel;17/03/2014;F;NO;CASADO;;Mecánico
Steve;Edwards;P;1002003000;CLIENTE;Pimampiro;21/02/2014;M;NO;CASADO;1;Digitado
Joyce;Hawkins;C;1002003000;CLIENTE;El Angel;;M;SI;CASADO;3;Lechero
Carlos;Bradley;C;1004002000;CLIENTE;Urcuqui;15/05/2014;M;NO;CASADO;2;Comerciante
Julie;Hawkins;P;1004002000;CLIENTE;El Angel;12/01/2014;F;NO;SOLTERO;3;Digitado
Nicholas;Garrett;C;1004002000;CLIENTE;Urcuqui;03/11/2014;M;NO;SOLTERO;3;Lechero
Sharon;Matthews;C;1004002000;CLIENTE;Mira;21/12/2013;M;;CASADO;2;Comerciante
Paul;Alvarez;C;1002003000;CLIENTE;Urcuqui;09/04/2014;M;;SOLTERO;;Lechero
Barbara;Ward;C;1004002000;CLIENTE;Urcuqui;29/05/2014;M;NO;VIUDO;0;Carnicero
Doris;Watkins;C;1004002000;CLIENTE;Mira;10/10/2014;F;SI;CASADO;;Tendero
Norma;Hart;C;1004002000;GARANTE;Pimampiro;26/01/2014;M;NO;CASADO;1;Digitado
Martin;Rogers;C;1002003000;CLIENTE;El Angel;07/02/2014;F;NO;SOLTERO;4;Panadero
Judith;Wright;P;1002003000;CLIENTE;;;F;SI;CASADO;3;Costurero
Alice;Lewis;C;1004002000;CLIENTE;El Angel;29/07/2014;F;NO;CASADO;0;Mecánico
Peter;Morris;C;1002003000;CLIENTE;El Angel;28/05/2014;M;NO;CASADO;1;Costurero
Anne;Pierce;P;1002003000;CLIENTE;Pimampiro;11/09/2014;M;SI;SOLTERO;0;Costurero
Beverly;Schmidt;C;1002003000;CLIENTE;Mira;19/09/2014;M;NO;VIUDO;1;Mecánico
Doris;Fox;C;1002003000;CLIENTE;Urcuqui;24/12/2013;M;NO;CASADO;0;Tendero
Joe;Turner;C;1002003000;CLIENTE;El Angel;09/07/2014;M;SI;SOLTERO;3;Carnicero
Randy;Lawson;C;1004002000;CLIENTE;El Angel;08/01/2014;F;NO;DIVORCIADO;4;Heladero
Angela;Boyd;P;1004002000;CLIENTE;;20/03/2014;F;NO;;;Tendero
Nicole;Rivera;C;1002003000;CLIENTE;Mira;19/09/2014;M;NO;;0;Mecánico
Christina;Reynolds;C;1004002000;CLIENTE;Pimampiro;21/03/2014;M;NO;SOLTERO;;Comerciante
Rebecca;Crawford;C;1004002000;CLIENTE;El Angel;17/03/2014;M;NO;CASADO;;Heladero
Sarah;Ramirez;C;1002003000;CLIENTE;Mira;02/02/2014;M;NO;VIUDO;2;Lechero
Ronald;Hill;C;1002003000;CLIENTE;Urcuqui;13/11/2014;F;NO;SOLTERO;3;Mecánico
Gary;Austin;C;1002003000;CLIENTE;Mira;26/09/2014;M;NO;SOLTERO;2;Escultor
Jesse;Kelly;C;1002003000;CLIENTE;El Angel;07/07/2014;F;NO;DIVORCIADO;1;Carnicero
Keith;Lane;C;1004002000;CLIENTE;Pimampiro;06/10/2014;F;NO;DIVORCIADO;4;Comerciante
Jennifer;Adams;C;1004002000;CLIENTE;Mira;;M;NO;VIUDO;3;Escultor
Phillip;George;C;1004002000;CLIENTE;Pimampiro;20/03/2014;M;NO;CASADO;1;Carnicero
Theresa;Fuller;C;1002003000;CLIENTE;Pimampiro;13/01/2014;M;NO;CASADO;1;Artesano
Brian;Bailey;C;1004002000;CLIENTE;Pimampiro;19/09/2014;F;NO;CASADO;;Panadero
Charles;Williamson;C;1004002000;CLIENTE;El Angel;19/08/2014;M;NO;VIUDO;3;Comerciante
Timothy;Kelley;C;1002003000;CLIENTE;Urcuqui;03/01/2014;M;;VIUDO;3;Lechero
Steven;Spencer;C;1002003000;CLIENTE;Urcuqui;18/09/2014;F;NO;SOLTERO;4;Artesano
Nicholas;Collins;C;1002003000;GARANTE;Pimampiro;31/03/2014;F;NO;DIVORCIADO;2;Escultor
Rebecca;King;C;1004002000;CLIENTE;Mira;27/07/2014;F;NO;CASADO;2;Panadero
Cynthia;Bowman;C;1004002000;CLIENTE;El Angel;10/03/2014;F;NO;VIUDO;2;Digitado
Daniel;Meyer;C;1002003000;CLIENTE;Urcuqui;25/02/2014;F;NO;SOLTERO;1;Comerciante
Tammy;Shaw;C;1004002000;CLIENTE;Mira;06/12/2013;M;NO;VIUDO;;Costurero
Ashley;Adams;C;1004002000;CLIENTE;El Angel;16/07/2014;M;NO;SOLTERO;4;Costurero
Larry;Morris;C;1002003000;CLIENTE;Mira;16/12/2013;M;NO;DIVORCIADO;3;Digitado
James;Morris;C;1004002000;CLIENTE;El Angel;25/01/2014;M;NO;CASADO;4;Lechero
Laura;Vasquez;C;1004002000;CLIENTE;El Angel;02/06/2014;M;;SOLTERO;3;Digitado
Russell;Hawkins;C;1004002000;CLIENTE;;03/12/2013;F;NO;SOLTERO;0;Carnicero
Jason;Larson;C;1002003000;CLIENTE;Mira;13/07/2014;F;NO;DIVORCIADO;;Mecánico
Sandra;Wheeler;C;1004002000;CLIENTE;Mira;24/04/2014;M;NO;CASADO;;Lechero
Heather;Ramirez;C;1004002000;CLIENTE;Mira;04/03/2014;F;NO;DIVORCIADO;;Mecánico
Joan;King;C;1004002000;CLIENTE;El Angel;29/03/2014;M;SI;VIUDO;;Escultor
Jerry;Garcia;C;1004002000;CLIENTE;Mira;23/09/2014;M;NO;DIVORCIADO;1;Carnicero
Kimberly;Mccoy;P;1002003000;CLIENTE;Mira;29/04/2014;M;NO;SOLTERO;1;Mecánico
Jennifer;Ramirez;C;1002003000;CLIENTE;Pimampiro;31/01/2014;M;NO;CASADO;;Escultor
Laura;Daniels;C;1002003000;CLIENTE;Urcuqui;07/11/2014;M;NO;SOLTERO;3;Comerciante
Kimberly;White;C;1004002000;CLIENTE;;31/08/2014;F;NO;SOLTERO;2;Lechero
Doris;Morales;C;1002003000;CLIENTE;Pimampiro;27/04/2014;M;NO;VIUDO;0;Tendero
Phyllis;Richardson;C;1002003000;CLIENTE;Mira;17/04/2014;F;NO;CASADO;0;Mecánico
Teresa;Lewis;C;1004002000;CLIENTE;Mira;03/01/2014;M;NO;SOLTERO;3;Escultor
Justin;Alvarez;C;1002003000;CLIENTE;Pimampiro;13/09/2014;M;NO;DIVORCIADO;1;Carnicero
Jean;Simmons;C;1004002000;CLIENTE;Mira;17/01/2014;M;NO;SOLTERO;4;Mecánico
Cynthia;Hunt;C;1002003000;CLIENTE;Mira;08/02/2014;M;NO;DIVORCIADO;0;Costurero
Rose;Vasquez;C;1004002000;CLIENTE;El Angel;28/02/2014;F;NO;SOLTERO;4;Heladero
Melissa;Tucker;C;1004002000;CLIENTE;Mira;31/10/2014;M;NO;SOLTERO;3;Tendero
Phyllis;Hunter;P;1002003000;CLIENTE;Mira;21/04/2014;M;NO;CASADO;3;Tendero
Gerald;George;C;1002003000;CLIENTE;Pimampiro;22/03/2014;M;NO;VIUDO;2;Carnicero
Gary;Russell;P;1004002000;CLIENTE;Mira;14/07/2014;F;NO;CASADO;0;Panadero
Gregory;Henderson;C;1004002000;CLIENTE;Mira;26/07/2014;M;NO;SOLTERO;;Costurero
Robert;Weaver;C;1004002000;CLIENTE;;04/02/2014;M;SI;SOLTERO;3;Costurero
Brian;King;C;1004002000;CLIENTE;Mira;25/02/2014;F;NO;SOLTERO;3;Artesano
Joyce;Sullivan;C;1004002000;CLIENTE;Urcuqui;04/05/2014;F;NO;CASADO;;Comerciante
Kathy;Barnes;P;1002003000;CLIENTE;Mira;13/05/2014;F;SI;VIUDO;;Costurero
Anne;Spencer;C;1002003000;GARANTE;;18/01/2014;M;NO;VIUDO;3;Carnicero
Evelyn;Wheeler;P;1004002000;CLIENTE;Urcuqui;07/04/2014;M;NO;SOLTERO;2;Carnicero
Kathleen;Torres;C;1004002000;CLIENTE;Mira;05/06/2014;M;NO;CASADO;;Artesano
Gary;Martinez;C;1004002000;CLIENTE;El Angel;06/11/2014;M;NO;SOLTERO;;Escultor
Peter;Griffin;P;1004002000;CLIENTE;El Angel;25/08/2014;F;NO;CASADO;1;Panadero
Kathleen;Kim;P;1004002000;CLIENTE;Mira;18/05/2014;F;NO;CASADO;3;Lechero
Emily;Cunningham;C;1004002000;CLIENTE;Pimampiro;10/03/2014;F;NO;CASADO;;Panadero
Michelle;Garza;C;1002003000;CLIENTE;Urcuqui;18/04/2014;M;NO;SOLTERO;;Digitado
Walter;Howard;C;1004002000;CLIENTE;Pimampiro;;M;SI;VIUDO;1;Lechero
Phillip;Peterson;C;1004002000;CLIENTE;Urcuqui;01/02/2014;M;NO;VIUDO;2;Carnicero
Ralph;Riley;C;1004002000;CLIENTE;Urcuqui;01/10/2014;M;NO;SOLTERO;;Comerciante
Joseph;Davis;C;1004002000;CLIENTE;Urcuqui;21/01/2014;F;NO;SOLTERO;;Carnicero
Christopher;Bishop;P;1004002000;CLIENTE;Mira;02/10/2014;F;NO;CASADO;0;Costurero
Kenneth;Garza;C;1004002000;CLIENTE;Urcuqui;20/11/2013;M;NO;DIVORCIADO;;Carnicero
Jason;Black;C;1002003000;CLIENTE;El Angel;12/03/2014;F;NO;VIUDO;3;Mecánico
Bonnie;Cook;C;1002003000;GARANTE;Pimampiro;19/08/2014;M;NO;CASADO;;Escultor
Denise;Howard;C;1004002000;CLIENTE;Mira;24/01/2014;F;NO;CASADO;1;Digitado
Roger;Duncan;C;1004002000;CLIENTE;El Angel;11/06/2014;M;NO;SOLTERO;4;Carnicero
Sean;Lawson;C;1004002000;CLIENTE;Pimampiro;03/08/2014;M;NO;CASADO;3;Costurero
Randy;Myers;C;1004002000;CLIENTE;Pimampiro;29/03/2014;F;NO;VIUDO;;Artesano
Jonathan;Morgan;C;1004002000;GARANTE;Pimampiro;03/09/2014;M;NO;SOLTERO;4;Digitado
Julie;Fuller;C;1004002000;CLIENTE;Mira;28/12/2013;M;NO;SOLTERO;4;Mecánico
Ryan;Chavez;C;1002003000;CLIENTE;Urcuqui;18/05/2014;F;NO;VIUDO;3;Digitado
Terry;Carr;C;1002003000;CLIENTE;Pimampiro;01/04/2014;M;NO;CASADO;3;Lechero
Wayne;Scott;C;1002003000;CLIENTE;Pimampiro;13/10/2014;M;NO;DIVORCIADO;0;Carnicero
Janet;Howard;C;1002003000;CLIENTE;Pimampiro;12/09/2014;F;SI;CASADO;1;Mecánico
Nancy;Rice;C;1002003000;CLIENTE;Urcuqui;14/09/2014;M;NO;SOLTERO;1;Tendero
Joyce;Owens;C;1004002000;CLIENTE;El Angel;13/02/2014;F;;VIUDO;;Escultor
Robin;Bell;C;1004002000;CLIENTE;Urcuqui;15/11/2013;M;NO;DIVORCIADO;2;Tendero
Alan;Henry;P;1004002000;CLIENTE;Pimampiro;16/07/2014;F;NO;SOLTERO;2;Heladero
Denise;Walker;C;1004002000;CLIENTE;Urcuqui;24/10/2014;M;NO;CASADO;2;Heladero
Scott;Fisher;C;1002003000;CLIENTE;Mira;10/06/2014;M;NO;CASADO;2;Digitado
Rachel;Howard;C;1002003000;GARANTE;Urcuqui;14/07/2014;M;NO;CASADO;;Comerciante
Fred;Stewart;C;1004002000;GARANTE;Mira;13/11/2014;F;NO;CASADO;;Carnicero
Shawn;Lawrence;C;1004002000;GARANTE;El Angel;09/08/2014;M;NO;VIUDO;;Lechero
Nicole;Ramos;C;1002003000;CLIENTE;;08/12/2013;F;NO;CASADO;3;Mecánico
Willie;Howard;C;1002003000;CLIENTE;El Angel;30/03/2014;M;NO;SOLTERO;3;Panadero
Ashley;Austin;P;1004002000;CLIENTE;El Angel;07/01/2014;F;NO;CASADO;3;Escultor
Walter;Ward;P;1004002000;CLIENTE;Mira;22/09/2014;M;NO;VIUDO;0;Carnicero
Samuel;Lawson;P;1002003000;CLIENTE;El Angel;05/10/2014;M;NO;CASADO;2;Panadero
Michael;Spencer;C;1002003000;CLIENTE;Urcuqui;26/06/2014;M;NO;SOLTERO;0;Costurero
Angela;Harrison;P;1002003000;GARANTE;El Angel;05/06/2014;F;;SOLTERO;0;Artesano
Walter;Morgan;C;1004002000;GARANTE;Urcuqui;16/06/2014;F;NO;CASADO;1;Costurero
Jennifer;Armstrong;C;1002003000;CLIENTE;El Angel;03/05/2014;F;NO;VIUDO;0;Panadero
Anthony;Kelly;C;1004002000;CLIENTE;Pimampiro;05/04/2014;F;NO;VIUDO;1;Tendero
Beverly;Willis;C;1004002000;CLIENTE;El Angel;11/11/2014;M;NO;VIUDO;;Panadero
Judy;Stone;C;1004002000;CLIENTE;Mira;06/11/2014;M;NO;SOLTERO;;Lechero
Samuel;Rice;C;1002003000;CLIENTE;Pimampiro;30/09/2014;M;NO;CASADO;2;Mecánico
Maria;Shaw;C;1004002000;CLIENTE;Urcuqui;08/06/2014;M;SI;CASADO;1;Carnicero
Jacqueline;Hall;C;1002003000;CLIENTE;Mira;05/10/2014;M;NO;CASADO;;Mecánico
Richard;Long;C;1004002000;CLIENTE;Pimampiro;08/01/2014;M;;DIVORCIADO;;Tendero
Thomas;Cooper;C;1004002000;CLIENTE;Pimampiro;08/12/2013;M;NO;SOLTERO;1;Heladero
Gerald;Hunter;C;1004002000;CLIENTE;Pimampiro;14/01/2014;M;NO;DIVORCIADO;4;Digitado
Denise;Roberts;C;1002003000;GARANTE;El Angel;11/04/2014;M;NO;SOLTERO;3;Comerciante
Jessica;Jenkins;C;1002003000;CLIENTE;;25/11/2013;F;NO;CASADO;1;Tendero
Janice;Fowler;C;1004002000;CLIENTE;El Angel;29/07/2014;F;NO;SOLTERO;3;Heladero
Anna;Robinson;C;1002003000;CLIENTE;Mira;17/11/2013;M;NO;SOLTERO;3;Digitado
Kathryn;Vasquez;C;1004002000;CLIENTE;Pimampiro;03/06/2014;F;SI;CASADO;3;Digitado
Marie;Collins;C;1004002000;CLIENTE;Mira;20/09/2014;F;NO;CASADO;2;Escultor
Joyce;Martinez;C;1004002000;CLIENTE;Mira;20/12/2013;M;NO;VIUDO;;Heladero
Ralph;Nichols;C;1004002000;CLIENTE;Urcuqui;24/07/2014;F;SI;CASADO;3;Carnicero
Marilyn;Bradley;C;1004002000;CLIENTE;Mira;07/10/2014;F;NO;VIUDO;3;Heladero
Maria;Wagner;C;1004002000;CLIENTE;Pimampiro;14/08/2014;F;NO;CASADO;;Comerciante
Walter;Howell;P;1004002000;CLIENTE;Mira;27/07/2014;F;NO;SOLTERO;;Carnicero
Jennifer;Knight;C;1002003000;GARANTE;Pimampiro;10/01/2014;M;NO;VIUDO;0;Digitado
Peter;Parker;C;1002003000;CLIENTE;Mira;02/09/2014;F;SI;CASADO;0;Comerciante
Albert;Kim;C;1004002000;CLIENTE;El Angel;25/03/2014;F;SI;CASADO;4;Carnicero
Steve;Rogers;C;1002003000;CLIENTE;Mira;16/08/2014;M;NO;CASADO;1;Carnicero
Nicole;Mendoza;C;1004002000;CLIENTE;El Angel;29/12/2013;M;NO;SOLTERO;;Escultor
Linda;Burns;P;1004002000;GARANTE;Pimampiro;04/08/2014;F;;CASADO;2;Escultor
Terry;Scott;C;1002003000;CLIENTE;Urcuqui;30/05/2014;M;NO;CASADO;;Tendero
Adam;Burns;C;1004002000;CLIENTE;Mira;26/04/2014;M;NO;SOLTERO;2;Heladero
Sean;Frazier;C;1002003000;CLIENTE;Urcuqui;21/08/2014;F;NO;SOLTERO;2;Tendero
Jimmy;Hughes;C;1004002000;CLIENTE;El Angel;15/06/2014;M;NO;SOLTERO;3;Costurero
Deborah;Hawkins;C;1004002000;CLIENTE;Urcuqui;12/08/2014;M;NO;SOLTERO;;Heladero
Judith;Lopez;C;1004002000;CLIENTE;;29/03/2014;F;NO;SOLTERO;1;Artesano
Shirley;Young;C;1004002000;CLIENTE;Pimampiro;17/12/2013;M;NO;SOLTERO;2;Tendero
Michael;Kelley;C;1004002000;CLIENTE;El Angel;25/08/2014;M;NO;CASADO;3;Tendero
Martin;Harvey;C;1002003000;CLIENTE;Urcuqui;06/08/2014;M;NO;SOLTERO;3;Artesano
Wanda;Clark;C;1004002000;CLIENTE;Mira;25/08/2014;M;NO;CASADO;4;Mecánico
Jessica;Lawrence;P;1002003000;GARANTE;El Angel;01/04/2014;M;NO;SOLTERO;0;Digitado
Anne;Frazier;C;1002003000;CLIENTE;Mira;13/06/2014;M;NO;SOLTERO;1;Comerciante
Shirley;Wagner;C;1002003000;CLIENTE;El Angel;26/10/2014;M;NO;SOLTERO;;Tendero
Ruth;Gilbert;C;1004002000;CLIENTE;El Angel;19/03/2014;M;SI;SOLTERO;3;Escultor
Donald;Lewis;C;1002003000;CLIENTE;Pimampiro;30/11/2013;M;NO;VIUDO;;Costurero
Matthew;Johnston;C;1004002000;CLIENTE;Pimampiro;30/10/2014;M;NO;DIVORCIADO;2;Tendero
Jeffrey;Scott;C;1004002000;CLIENTE;Mira;30/07/2014;M;;SOLTERO;3;Comerciante
Pamela;Day;C;1002003000;GARANTE;Pimampiro;20/03/2014;M;;CASADO;;Mecánico
Brandon;Wallace;P;1004002000;CLIENTE;El Angel;25/05/2014;F;NO;SOLTERO;2;Tendero
Walter;Carroll;C;1002003000;CLIENTE;El Angel;13/05/2014;F;NO;CASADO;0;Lechero
Ryan;Thompson;C;1004002000;CLIENTE;Mira;08/02/2014;M;NO;SOLTERO;;Escultor
Joshua;Banks;C;1004002000;GARANTE;Pimampiro;17/08/2014;F;NO;DIVORCIADO;3;Tendero
Jose;Sullivan;C;1004002000;CLIENTE;Urcuqui;24/12/2013;M;NO;CASADO;1;Comerciante
Stephanie;Torres;C;1002003000;CLIENTE;Mira;15/07/2014;M;NO;CASADO;;Lechero
Chris;Jordan;C;1004002000;CLIENTE;El Angel;28/03/2014;M;NO;DIVORCIADO;1;Mecánico
Christina;Cunningham;C;1004002000;GARANTE;Pimampiro;26/12/2013;F;NO;SOLTERO;0;Mecánico
Judith;Evans;C;1004002000;CLIENTE;;07/02/2014;F;NO;CASADO;3;Panadero
Scott;Hernandez;C;1002003000;CLIENTE;Pimampiro;11/08/2014;M;SI;CASADO;1;Heladero
Michelle;Miller;C;1002003000;GARANTE;Urcuqui;22/08/2014;M;NO;CASADO;;Panadero
Louis;Greene;C;1002003000;CLIENTE;Mira;17/05/2014;M;NO;VIUDO;4;Lechero
Carol;Nichols;C;1004002000;CLIENTE;El Angel;15/07/2014;M;NO;SOLTERO;3;Tendero
Betty;Perez;C;1004002000;CLIENTE;Pimampiro;06/10/2014;F;NO;;3;Heladero
Jane;White;C;1004002000;GARANTE;El Angel;18/06/2014;M;NO;CASADO;1;Panadero
Todd;Griffin;C;1004002000;CLIENTE;Pimampiro;07/03/2014;M;NO;SOLTERO;4;Carnicero
Christopher;Jones;C;1002003000;CLIENTE;Urcuqui;05/04/2014;M;SI;CASADO;;Tendero
Lawrence;Parker;C;1002003000;CLIENTE;El Angel;21/11/2013;F;NO;DIVORCIADO;4;Digitado
Donald;Ortiz;P;1004002000;CLIENTE;Pimampiro;19/05/2014;F;NO;CASADO;;Mecánico
Kevin;Castillo;P;1004002000;CLIENTE;Mira;09/12/2013;M;NO;DIVORCIADO;1;Panadero
Marie;Peterson;C;1002003000;CLIENTE;Pimampiro;08/07/2014;F;NO;VIUDO;1;Tendero
Elizabeth;Nelson;C;1004002000;CLIENTE;Urcuqui;22/02/2014;F;NO;CASADO;2;Digitado
Joshua;Ward;C;1004002000;GARANTE;Urcuqui;06/05/2014;M;NO;DIVORCIADO;2;Artesano
Julia;Marshall;C;1004002000;CLIENTE;Urcuqui;24/11/2013;M;NO;DIVORCIADO;4;Costurero
Donna;Montgomery;C;1004002000;CLIENTE;Mira;27/02/2014;F;NO;CASADO;;Carnicero
Patrick;Myers;C;1002003000;CLIENTE;El Angel;24/07/2014;M;NO;CASADO;0;Lechero
Paula;Burns;C;1004002000;GARANTE;Urcuqui;08/03/2014;M;NO;;;Comerciante
Heather;Diaz;C;1002003000;CLIENTE;El Angel;06/02/2014;M;SI;CASADO;1;Tendero
Ralph;Kennedy;C;1002003000;CLIENTE;Pimampiro;30/04/2014;F;NO;CASADO;0;Escultor
Bobby;Rogers;C;1002003000;CLIENTE;El Angel;29/03/2014;M;NO;SOLTERO;2;Tendero
James;Hudson;C;1002003000;CLIENTE;Pimampiro;15/11/2013;M;NO;DIVORCIADO;2;Digitado
Teresa;Stewart;C;1004002000;CLIENTE;Pimampiro;23/02/2014;F;SI;DIVORCIADO;;Artesano
Albert;Peters;C;1002003000;CLIENTE;Mira;27/06/2014;F;SI;DIVORCIADO;3;Digitado
Catherine;Stone;C;1004002000;GARANTE;El Angel;21/07/2014;M;NO;CASADO;4;Panadero
Teresa;Wood;C;1002003000;CLIENTE;Pimampiro;09/05/2014;F;NO;DIVORCIADO;0;Carnicero
Debra;Kim;C;1004002000;CLIENTE;;14/03/2014;M;NO;SOLTERO;1;Digitado
Jimmy;Harrison;C;1002003000;CLIENTE;Mira;05/06/2014;F;SI;SOLTERO;;Carnicero
Christine;Cruz;C;1002003000;CLIENTE;El Angel;22/02/2014;M;NO;SOLTERO;4;Artesano
Laura;Adams;C;1002003000;CLIENTE;Urcuqui;07/06/2014;M;NO;CASADO;3;Lechero
Virginia;Castillo;C;1004002000;CLIENTE;Pimampiro;02/09/2014;M;NO;CASADO;0;Lechero
Arthur;Jenkins;C;1002003000;CLIENTE;Mira;18/10/2014;F;SI;CASADO;;Costurero
Kathryn;Montgomery;C;1004002000;CLIENTE;El Angel;02/08/2014;F;NO;CASADO;3;Carnicero
John;King;C;1004002000;CLIENTE;El Angel;11/01/2014;M;NO;SOLTERO;1;Heladero
Jean;Anderson;C;1004002000;CLIENTE;Pimampiro;21/08/2014;M;NO;SOLTERO;;Artesano
Wayne;Richards;C;1004002000;CLIENTE;Urcuqui;09/01/2014;M;SI;DIVORCIADO;2;Costurero
Carol;Boyd;C;1002003000;CLIENTE;Mira;02/06/2014;F;;CASADO;1;Comerciante
Tina;Harper;C;1004002000;CLIENTE;Mira;05/06/2014;M;NO;SOLTERO;0;Panadero
Robin;Wells;C;1002003000;GARANTE;Urcuqui;26/10/2014;M;NO;CASADO;1;Digitado
Mark;Perkins;C;1004002000;GARANTE;Pimampiro;07/05/2014;M;NO;CASADO;;Escultor
Emily;Watson;C;1004002000;CLIENTE;Pimampiro;16/07/2014;M;NO;SOLTERO;1;Lechero
Ryan;Bishop;C;1002003000;CLIENTE;El Angel;09/08/2014;M;NO;SOLTERO;;Lechero
Juan;Warren;C;1004002000;CLIENTE;Mira;27/09/2014;M;NO;CASADO;0;Tendero
Eric;Spencer;P;1004002000;CLIENTE;Mira;03/04/2014;F;NO;SOLTERO;1;Carnicero
Gloria;Wheeler;C;1002003000;CLIENTE;Urcuqui;21/09/2014;M;NO;SOLTERO;2;Lechero
Matthew;Adams;C;1004002000;CLIENTE;Mira;25/02/2014;F;NO;CASADO;2;Heladero
Frank;Porter;C;1004002000;CLIENTE;Mira;31/05/2014;M;NO;VIUDO;2;Artesano
Rose;Grant;P;1004002000;CLIENTE;Pimampiro;11/07/2014;F;NO;SOLTERO;;Lechero
Nicole;Daniels;C;1002003000;CLIENTE;Pimampiro;20/02/2014;M;NO;CASADO;;Mecánico
Julie;Edwards;C;1002003000;CLIENTE;Urcuqui;25/04/2014;M;SI;CASADO;4;Mecánico
Antonio;Cook;C;1004002000;GARANTE;Mira;28/09/2014;F;NO;DIVORCIADO;;Lechero
Ryan;Greene;P;1002003000;CLIENTE;El Angel;19/08/2014;M;NO;SOLTERO;1;Artesano
Annie;Peters;C;1002003000;CLIENTE;Urcuqui;16/02/2014;F;NO;CASADO;2;Digitado
Brian;Kelly;C;1002003000;CLIENTE;El Angel;03/12/2013;F;NO;CASADO;;Tendero
Jeffrey;Cole;C;1004002000;CLIENTE;Mira;06/07/2014;M;NO;CASADO;1;Mecánico
Jason;Butler;C;1004002000;GARANTE;;14/03/2014;M;NO;SOLTERO;0;Costurero
Shirley;Alvarez;C;1002003000;CLIENTE;Urcuqui;07/07/2014;M;NO;SOLTERO;;Tendero
James;Garcia;C;1004002000;CLIENTE;El Angel;20/03/2014;M;NO;VIUDO;2;Lechero
Sharon;Garrett;C;1002003000;CLIENTE;El Angel;15/12/2013;M;NO;CASADO;;Tendero
David;Wood;C;1002003000;CLIENTE;Urcuqui;16/05/2014;M;NO;SOLTERO;2;Mecánico
Lisa;Jackson;C;1004002000;CLIENTE;;19/02/2014;M;SI;SOLTERO;2;Lechero
Russell;Medina;P;1004002000;CLIENTE;El Angel;13/12/2013;M;NO;DIVORCIADO;;Costurero
Diana;Davis;C;1004002000;CLIENTE;Pimampiro;04/08/2014;M;NO;VIUDO;2;Carnicero
Bruce;Perez;C;1004002000;CLIENTE;Mira;03/05/2014;M;NO;VIUDO;;Tendero
Rose;Tucker;C;1002003000;GARANTE;Urcuqui;24/12/2013;M;NO;SOLTERO;1;Lechero
Virginia;Cox;C;1004002000;CLIENTE;Mira;01/11/2014;F;SI;SOLTERO;;Tendero
Theresa;Pierce;C;1004002000;CLIENTE;Mira;11/01/2014;M;NO;SOLTERO;2;Digitado
Eugene;Hicks;C;1002003000;CLIENTE;;28/09/2014;M;NO;CASADO;;Escultor
Billy;Roberts;C;1004002000;CLIENTE;Urcuqui;26/03/2014;F;NO;CASADO;4;Escultor
Ronald;Perry;C;1002003000;CLIENTE;Mira;26/06/2014;F;SI;VIUDO;3;Tendero
Lori;Ray;C;1002003000;CLIENTE;Mira;03/02/2014;F;NO;DIVORCIADO;0;Escultor
Ashley;Frazier;C;1004002000;CLIENTE;Pimampiro;02/10/2014;F;NO;VIUDO;3;Artesano
Janet;Green;C;1004002000;CLIENTE;Mira;17/05/2014;F;SI;CASADO;;Artesano
Randy;Garza;C;1002003000;CLIENTE;Mira;31/12/2013;M;SI;DIVORCIADO;0;Escultor
Julia;Flores;C;1002003000;CLIENTE;El Angel;19/07/2014;F;NO;VIUDO;0;Tendero
Andrea;Freeman;P;1002003000;GARANTE;Pimampiro;25/02/2014;M;NO;DIVORCIADO;;Mecánico
James;Sanchez;C;1004002000;GARANTE;Pimampiro;04/08/2014;F;NO;;1;Panadero
Ruby;Young;P;1002003000;CLIENTE;Pimampiro;23/03/2014;M;NO;DIVORCIADO;;Carnicero
Robin;Romero;P;1002003000;CLIENTE;Pimampiro;22/11/2013;M;NO;DIVORCIADO;0;Digitado
Virginia;Boyd;C;1002003000;CLIENTE;El Angel;26/01/2014;M;NO;VIUDO;2;Mecánico
Roger;Stone;C;1002003000;CLIENTE;El Angel;02/02/2014;M;NO;VIUDO;;Panadero
Annie;Roberts;C;1002003000;CLIENTE;El Angel;11/09/2014;M;NO;CASADO;0;Comerciante
Jason;Bailey;C;1004002000;GARANTE;Urcuqui;31/05/2014;M;NO;VIUDO;;Lechero
Gerald;Chavez;P;1002003000;CLIENTE;Mira;22/07/2014;M;NO;CASADO;;Heladero
Patrick;Ray;C;1002003000;CLIENTE;El Angel;26/09/2014;F;NO;CASADO;3;Panadero
Nicholas;Oliver;C;1002003000;CLIENTE;;02/08/2014;F;NO;VIUDO;2;Digitado
Raymond;Perry;P;1002003000;CLIENTE;El Angel;27/12/2013;M;NO;;3;Escultor
Denise;Ferguson;C;1002003000;CLIENTE;Mira;28/08/2014;M;SI;DIVORCIADO;1;Artesano
Patrick;Carr;C;1002003000;CLIENTE;Mira;10/04/2014;F;NO;DIVORCIADO;0;Lechero
Denise;Mills;P;1004002000;CLIENTE;Pimampiro;19/08/2014;M;NO;CASADO;;Escultor
Margaret;Sanchez;C;1002003000;CLIENTE;Urcuqui;19/06/2014;M;NO;SOLTERO;0;Carnicero
Michael;Taylor;P;1002003000;CLIENTE;Urcuqui;29/03/2014;F;NO;CASADO;1;Carnicero
Earl;Harvey;C;1002003000;CLIENTE;Urcuqui;12/10/2014;M;NO;CASADO;3;Tendero
Howard;Thomas;C;1004002000;CLIENTE;Mira;21/07/2014;M;SI;CASADO;;Costurero
Gloria;Riley;C;1004002000;CLIENTE;El Angel;18/02/2014;F;SI;VIUDO;1;Panadero
Larry;Arnold;C;1002003000;CLIENTE;Pimampiro;16/09/2014;F;NO;CASADO;1;Costurero
Chris;Gray;C;1004002000;CLIENTE;Mira;09/11/2014;F;NO;SOLTERO;;Carnicero
Pamela;Romero;C;1002003000;CLIENTE;Pimampiro;11/04/2014;M;NO;CASADO;1;Costurero
Dennis;Bishop;C;1004002000;CLIENTE;Mira;16/10/2014;M;;CASADO;2;Comerciante
Ernest;Sims;C;1002003000;CLIENTE;;17/11/2013;M;;SOLTERO;2;Lechero
Paula;Cook;C;1002003000;CLIENTE;Mira;29/04/2014;F;NO;CASADO;3;Panadero
Kimberly;Payne;C;1002003000;CLIENTE;Mira;12/06/2014;M;NO;SOLTERO;3;Mecánico
Rachel;Carroll;C;1002003000;CLIENTE;Pimampiro;11/10/2014;M;NO;SOLTERO;;Heladero
Roy;Coleman;C;1004002000;CLIENTE;El Angel;16/06/2014;M;NO;CASADO;2;Carnicero
Russell;Wheeler;C;1004002000;CLIENTE;Pimampiro;10/02/2014;M;NO;VIUDO;3;Panadero
Dorothy;Rodriguez;C;1002003000;CLIENTE;Urcuqui;05/12/2013;F;NO;SOLTERO;4;Digitado
David;Hughes;C;1004002000;CLIENTE;El Angel;03/05/2014;F;NO;CASADO;1;Tendero
Clarence;Reed;C;1002003000;CLIENTE;;28/08/2014;M;NO;CASADO;;Digitado
Johnny;Harper;C;1004002000;GARANTE;El Angel;27/02/2014;M;NO;DIVORCIADO;4;Carnicero
Joe;Snyder;C;1002003000;CLIENTE;Urcuqui;12/08/2014;F;NO;SOLTERO;2;Comerciante
Michelle;Roberts;C;1004002000;CLIENTE;Pimampiro;22/09/2014;M;SI;VIUDO;4;Artesano
Antonio;Jenkins;C;1004002000;CLIENTE;El Angel;28/05/2014;F;NO;SOLTERO;1;Artesano
Heather;Kelly;C;1002003000;GARANTE;Mira;03/04/2014;F;SI;CASADO;0;Digitado
Nicole;Mcdonald;P;1002003000;CLIENTE;Mira;09/12/2013;M;NO;CASADO;2;Mecánico
Laura;Richards;C;1002003000;CLIENTE;El Angel;04/10/2014;F;NO;SOLTERO;0;Digitado
Robert;Lopez;C;1004002000;GARANTE;Urcuqui;05/10/2014;M;;CASADO;1;Artesano
Mildred;Phillips;C;1004002000;CLIENTE;Pimampiro;26/09/2014;M;NO;SOLTERO;4;Tendero
Gerald;Gardner;C;1002003000;CLIENTE;Mira;17/05/2014;M;NO;SOLTERO;0;Carnicero
Carl;Berry;C;1002003000;CLIENTE;Pimampiro;17/03/2014;F;NO;CASADO;0;Tendero
Catherine;Parker;C;1004002000;CLIENTE;Pimampiro;26/08/2014;F;NO;CASADO;0;Escultor
Anthony;Ramos;C;1002003000;CLIENTE;El Angel;08/04/2014;M;SI;CASADO;1;Panadero
Frances;Dean;C;1002003000;GARANTE;Urcuqui;14/12/2013;M;NO;SOLTERO;;Digitado
Jack;Watkins;C;1002003000;CLIENTE;El Angel;01/03/2014;M;NO;SOLTERO;;Panadero
Richard;Romero;P;1004002000;CLIENTE;Urcuqui;31/07/2014;M;NO;;;Comerciante
Martha;Russell;C;1002003000;CLIENTE;Mira;17/12/2013;F;NO;CASADO;0;Panadero
Carolyn;Stone;C;1002003000;CLIENTE;Mira;23/04/2014;M;NO;CASADO;1;Costurero
Carlos;Sims;C;1004002000;CLIENTE;Pimampiro;18/05/2014;M;;SOLTERO;;Costurero
Julie;Gonzalez;C;1004002000;CLIENTE;Pimampiro;03/04/2014;M;NO;VIUDO;;Panadero
Lori;Harper;C;1004002000;CLIENTE;Urcuqui;29/12/2013;F;NO;SOLTERO;;Tendero
Brian;Little;C;1004002000;CLIENTE;Mira;19/03/2014;F;NO;CASADO;;Tendero
Randy;Henderson;C;1002003000;CLIENTE;Mira;18/12/2013;F;NO;SOLTERO;1;Panadero
Donna;Hansen;C;1004002000;CLIENTE;Mira;15/09/2014;F;SI;SOLTERO;3;Panadero
Beverly;Burns;P;1004002000;CLIENTE;Mira;30/08/2014;F;NO;VIUDO;3;Escultor
Marilyn;Montgomery;C;1002003000;CLIENTE;El Angel;15/01/2014;M;NO;SOLTERO;;Panadero
Jeffrey;Ford;C;1004002000;CLIENTE;Urcuqui;17/03/2014;F;NO;SOLTERO;4;Tendero
Maria;Tucker;C;1004002000;CLIENTE;El Angel;03/10/2014;F;NO;CASADO;;Panadero
Anna;Clark;C;1002003000;CLIENTE;Pimampiro;14/12/2013;M;NO;SOLTERO;3;Escultor
Randy;Dean;C;1004002000;CLIENTE;El Angel;14/01/2014;M;NO;CASADO;1;Costurero
Julia;Simmons;C;1004002000;CLIENTE;Pimampiro;08/05/2014;M;NO;;;Escultor
Nicole;Hanson;C;1002003000;GARANTE;El Angel;23/12/2013;F;NO;CASADO;1;Panadero
Russell;Owens;C;1002003000;CLIENTE;Pimampiro;21/11/2013;M;NO;CASADO;;Digitado
Earl;Porter;C;1002003000;CLIENTE;Mira;09/01/2014;M;NO;VIUDO;2;Tendero
Helen;Henry;C;1004002000;GARANTE;Mira;11/12/2013;M;NO;SOLTERO;2;Tendero
Beverly;Torres;C;1002003000;CLIENTE;Urcuqui;16/10/2014;M;SI;CASADO;2;Costurero
Raymond;Carroll;C;1002003000;CLIENTE;El Angel;29/09/2014;M;NO;DIVORCIADO;4;Lechero
Shawn;Hanson;C;1002003000;CLIENTE;Urcuqui;11/03/2014;F;NO;SOLTERO;2;Mecánico
Dennis;Stevens;P;1002003000;CLIENTE;Urcuqui;07/04/2014;M;NO;DIVORCIADO;1;Tendero
Diana;Castillo;P;1002003000;CLIENTE;Pimampiro;25/09/2014;F;NO;CASADO;0;Mecánico
Bobby;Sanchez;C;1004002000;CLIENTE;Urcuqui;24/02/2014;F;NO;;;Tendero
Shawn;King;P;1004002000;CLIENTE;;08/12/2013;F;NO;SOLTERO;;Comerciante
Ruby;Lane;C;1002003000;GARANTE;Pimampiro;02/01/2014;M;SI;SOLTERO;;Tendero
Christina;Graham;P;1002003000;CLIENTE;Urcuqui;20/01/2014;M;NO;CASADO;0;Carnicero
Martha;Ray;C;1002003000;CLIENTE;Pimampiro;26/02/2014;F;SI;CASADO;0;Artesano
Joe;Medina;C;1004002000;CLIENTE;El Angel;07/11/2014;M;NO;;4;Lechero
Paula;Mason;C;1002003000;GARANTE;Pimampiro;15/01/2014;F;NO;VIUDO;;Comerciante
Amy;Thomas;C;1004002000;CLIENTE;Urcuqui;12/12/2013;M;NO;CASADO;2;Costurero
Irene;Carroll;C;1002003000;CLIENTE;Mira;26/08/2014;M;SI;SOLTERO;;Carnicero
Frances;Nichols;C;1002003000;CLIENTE;Urcuqui;30/09/2014;M;NO;SOLTERO;1;Escultor
Norma;Wood;C;1004002000;CLIENTE;Urcuqui;29/12/2013;M;NO;CASADO;;Costurero
Joshua;Robertson;C;1002003000;CLIENTE;El Angel;21/09/2014;F;NO;SOLTERO;3;Panadero
Sharon;Hanson;C;1004002000;CLIENTE;Pimampiro;25/02/2014;F;NO;CASADO;1;Comerciante
Kathy;Harper;C;1002003000;CLIENTE;Mira;;F;NO;VIUDO;0;Panadero
Harry;Wheeler;C;1004002000;CLIENTE;El Angel;20/12/2013;F;NO;DIVORCIADO;1;Carnicero
Jennifer;Gonzales;C;1002003000;CLIENTE;El Angel;24/04/2014;M;NO;SOLTERO;3;Mecánico
Janet;Stanley;C;1002003000;CLIENTE;El Angel;18/11/2013;M;NO;DIVORCIADO;2;Artesano
Ashley;Ford;C;1002003000;CLIENTE;Urcuqui;23/12/2013;M;NO;CASADO;;Escultor
Teresa;Morales;C;1002003000;CLIENTE;El Angel;20/10/2014;F;NO;CASADO;;Panadero
Diana;Griffin;P;1004002000;CLIENTE;El Angel;02/08/2014;M;SI;DIVORCIADO;0;Comerciante
Anthony;Harvey;C;1004002000;CLIENTE;Urcuqui;03/02/2014;F;NO;CASADO;2;Escultor
Kathryn;George;C;1002003000;CLIENTE;El Angel;26/01/2014;M;NO;SOLTERO;;Mecánico
Bruce;Garcia;C;1004002000;GARANTE;Mira;31/12/2013;M;NO;SOLTERO;2;Artesano
Katherine;Kim;C;1002003000;CLIENTE;Pimampiro;29/09/2014;F;NO;VIUDO;1;Digitado
Lawrence;Turner;C;1002003000;GARANTE;El Angel;05/01/2014;F;NO;SOLTERO;;Carnicero
Alice;Foster;P;1002003000;CLIENTE;Pimampiro;17/11/2013;F;NO;SOLTERO;0;Mecánico
Frances;Young;C;1002003000;GARANTE;Urcuqui;24/10/2014;F;NO;VIUDO;;Artesano
Jose;Crawford;C;1004002000;CLIENTE;Mira;28/06/2014;M;SI;CASADO;1;Tendero
Betty;Marshall;C;1002003000;CLIENTE;Mira;21/01/2014;F;;VIUDO;1;Digitado
Amy;Jacobs;C;1004002000;CLIENTE;Pimampiro;22/04/2014;F;NO;CASADO;0;Heladero
Donna;Rodriguez;P;1004002000;CLIENTE;Urcuqui;30/10/2014;M;NO;DIVORCIADO;4;Carnicero
Raymond;Johnston;C;1004002000;CLIENTE;Pimampiro;11/08/2014;F;NO;VIUDO;2;Heladero
Gregory;Baker;P;1002003000;CLIENTE;Pimampiro;31/08/2014;M;NO;CASADO;1;Tendero
Anne;Howard;C;1002003000;CLIENTE;Pimampiro;01/01/2014;F;NO;VIUDO;;Artesano
Shawn;Fernandez;C;1004002000;CLIENTE;Mira;21/02/2014;M;NO;CASADO;;Mecánico
Juan;Porter;C;1002003000;CLIENTE;Urcuqui;20/01/2014;F;NO;CASADO;0;Lechero
Terry;Hawkins;C;1004002000;CLIENTE;El Angel;18/01/2014;M;NO;CASADO;;Carnicero
Christina;Boyd;C;1004002000;CLIENTE;Urcuqui;29/12/2013;M;NO;DIVORCIADO;2;Lechero
Lois;Thomas;C;1002003000;CLIENTE;El Angel;17/10/2014;M;NO;CASADO;1;Carnicero
Denise;Hughes;C;1004002000;CLIENTE;;29/08/2014;M;NO;DIVORCIADO;1;Heladero
Ralph;Harvey;C;1002003000;CLIENTE;Mira;;M;NO;CASADO;0;Heladero
Christine;Simmons;C;1004002000;GARANTE;;12/02/2014;F;NO;DIVORCIADO;;Panadero
Frank;Roberts;C;1002003000;CLIENTE;Pimampiro;15/03/2014;M;SI;DIVORCIADO;;Lechero
Elizabeth;Harris;C;1004002000;CLIENTE;Mira;03/03/2014;F;NO;VIUDO;1;Costurero
Albert;Lopez;C;1004002000;CLIENTE;Mira;28/04/2014;M;NO;SOLTERO;;Heladero
Stephanie;Taylor;C;1004002000;CLIENTE;Urcuqui;05/06/2014;M;NO;DIVORCIADO;;Escultor
Alice;Cooper;P;1004002000;CLIENTE;Urcuqui;18/08/2014;M;NO;SOLTERO;2;Digitado
Sarah;Henderson;P;1002003000;CLIENTE;El Angel;31/10/2014;M;NO;CASADO;;Escultor
Heather;Jordan;P;1002003000;GARANTE;El Angel;31/10/2014;M;NO;VIUDO;;Artesano
Philip;Gonzales;C;1002003000;CLIENTE;Mira;;M;NO;SOLTERO;;Mecánico
John;Henry;C;1004002000;CLIENTE;Urcuqui;29/01/2014;M;NO;CASADO;4;Heladero
Maria;Palmer;C;1004002000;CLIENTE;El Angel;22/04/2014;M;NO;CASADO;2;Artesano
Samuel;Bradley;C;1002003000;CLIENTE;Pimampiro;19/09/2014;F;NO;DIVORCIADO;0;Costurero
Nicholas;White;C;1002003000;GARANTE;El Angel;;F;NO;VIUDO;3;Escultor
Sandra;Armstrong;C;1002003000;CLIENTE;Urcuqui;;F;NO;VIUDO;1;Panadero
Anna;Walker;C;1004002000;CLIENTE;Mira;06/03/2014;F;NO;CASADO;;Mecánico
Paula;Meyer;C;1004002000;CLIENTE;El Angel;30/03/2014;M;NO;VIUDO;1;Escultor
Shawn;Day;C;1004002000;CLIENTE;Urcuqui;;F;NO;CASADO;3;Panadero
Jerry;Reed;C;1002003000;GARANTE;El Angel;27/09/2014;M;NO;CASADO;;Mecánico
Sarah;Ray;C;1004002000;CLIENTE;El Angel;16/03/2014;M;NO;CASADO;1;Mecánico
Alice;Hudson;C;1002003000;CLIENTE;Mira;04/03/2014;M;NO;SOLTERO;;Artesano
Willie;Cook;C;1004002000;CLIENTE;Mira;13/01/2014;F;;SOLTERO;3;Panadero
Arthur;Morgan;C;1004002000;CLIENTE;El Angel;;F;NO;CASADO;0;Lechero
Lisa;Martinez;C;1002003000;CLIENTE;El Angel;21/11/2013;F;NO;SOLTERO;3;Digitado
Sharon;Henderson;C;1004002000;CLIENTE;El Angel;30/12/2013;F;NO;DIVORCIADO;;Tendero
Jack;Wheeler;C;1002003000;CLIENTE;El Angel;22/05/2014;M;NO;SOLTERO;4;Artesano
Keith;Fuller;C;1002003000;CLIENTE;Pimampiro;21/07/2014;M;NO;CASADO;1;Digitado
Justin;Cruz;C;1004002000;CLIENTE;Urcuqui;25/08/2014;M;SI;CASADO;2;Digitado
Sharon;Greene;C;1004002000;GARANTE;Mira;18/06/2014;M;NO;VIUDO;3;Carnicero
Eric;Reed;C;1002003000;CLIENTE;Mira;01/09/2014;M;NO;SOLTERO;;Escultor
Joan;Brown;C;1002003000;CLIENTE;El Angel;05/06/2014;F;NO;SOLTERO;0;Artesano
Susan;Lawson;P;1002003000;CLIENTE;Urcuqui;17/04/2014;M;NO;SOLTERO;;Lechero
Dorothy;Wright;C;1002003000;CLIENTE;;02/12/2013;M;NO;CASADO;;Heladero
Wayne;Collins;C;1002003000;CLIENTE;El Angel;15/09/2014;F;NO;CASADO;2;Panadero
Angela;Young;C;1004002000;CLIENTE;Mira;16/09/2014;M;NO;VIUDO;3;Comerciante
Louise;Bennett;C;1004002000;GARANTE;El Angel;10/08/2014;M;NO;VIUDO;3;Carnicero
Christina;Rice;C;1002003000;CLIENTE;Urcuqui;26/07/2014;F;NO;CASADO;;Panadero
Rebecca;Stewart;C;1004002000;GARANTE;El Angel;09/01/2014;M;NO;SOLTERO;3;Carnicero
Teresa;Warren;C;1002003000;CLIENTE;Urcuqui;11/02/2014;M;NO;SOLTERO;;Digitado
Sandra;Anderson;P;1004002000;CLIENTE;Pimampiro;10/02/2014;M;NO;SOLTERO;;Mecánico
Roger;Murphy;C;1004002000;GARANTE;Urcuqui;06/06/2014;M;NO;CASADO;1;Escultor
Russell;Ramos;P;1002003000;CLIENTE;El Angel;29/12/2013;M;NO;CASADO;;Digitado
Gregory;Campbell;C;1004002000;CLIENTE;El Angel;01/02/2014;F;NO;;;Comerciante
Virginia;Cole;C;1002003000;CLIENTE;Urcuqui;25/12/2013;F;;CASADO;;Carnicero
Lawrence;Hansen;C;1002003000;CLIENTE;Pimampiro;30/07/2014;F;NO;SOLTERO;3;Tendero
Michelle;Stewart;C;1002003000;GARANTE;El Angel;28/06/2014;F;NO;;1;Costurero
Ralph;Olson;C;1002003000;CLIENTE;Urcuqui;15/06/2014;F;NO;DIVORCIADO;1;Heladero
Amy;Hayes;C;1004002000;CLIENTE;El Angel;02/10/2014;M;NO;SOLTERO;1;Carnicero
Paula;Howard;C;1004002000;CLIENTE;Mira;06/07/2014;M;;SOLTERO;2;Escultor
Paula;Dunn;C;1002003000;GARANTE;Pimampiro;25/10/2014;F;NO;DIVORCIADO;3;Lechero
Theresa;Gonzalez;P;1004002000;CLIENTE;El Angel;02/05/2014;M;NO;CASADO;0;Lechero
Phillip;Arnold;C;1004002000;CLIENTE;Urcuqui;02/11/2014;M;NO;CASADO;2;Comerciante
Justin;Reynolds;C;1002003000;CLIENTE;Pimampiro;16/08/2014;F;NO;CASADO;;Artesano
James;Holmes;C;1002003000;GARANTE;Urcuqui;13/01/2014;M;SI;CASADO;2;Digitado
Karen;Hicks;C;1002003000;CLIENTE;El Angel;11/01/2014;M;;CASADO;;Panadero
Anne;Hamilton;C;1002003000;CLIENTE;;01/07/2014;F;NO;VIUDO;;Tendero
Shirley;Williams;C;1002003000;GARANTE;Urcuqui;01/09/2014;F;NO;CASADO;;Artesano
Raymond;Harvey;C;1004002000;CLIENTE;Mira;09/01/2014;M;NO;SOLTERO;0;Panadero
Carol;Mcdonald;P;1002003000;CLIENTE;Pimampiro;25/07/2014;M;NO;CASADO;4;Heladero
Rose;Riley;C;1002003000;CLIENTE;;12/08/2014;M;NO;CASADO;;Costurero
Frank;Adams;C;1004002000;CLIENTE;Mira;12/03/2014;F;NO;DIVORCIADO;;Artesano
Nancy;Clark;C;1002003000;CLIENTE;Mira;09/08/2014;F;NO;SOLTERO;1;Lechero
Carlos;Miller;C;1004002000;CLIENTE;Urcuqui;28/03/2014;F;NO;SOLTERO;;Mecánico
Michelle;Harper;C;1004002000;CLIENTE;Mira;15/03/2014;M;NO;SOLTERO;1;Tendero
Willie;Armstrong;C;1002003000;CLIENTE;Mira;17/12/2013;F;NO;SOLTERO;1;Heladero
Robin;Sanders;C;1002003000;CLIENTE;Urcuqui;25/08/2014;F;NO;CASADO;2;Carnicero
Stephen;Little;C;1002003000;CLIENTE;Mira;30/05/2014;M;NO;SOLTERO;;Digitado
Jeffrey;Kelly;C;1004002000;CLIENTE;Mira;14/06/2014;F;NO;CASADO;3;Tendero
Jesse;Wells;C;1004002000;CLIENTE;Pimampiro;20/03/2014;M;NO;CASADO;3;Costurero
Jennifer;Garrett;C;1002003000;CLIENTE;El Angel;02/03/2014;M;SI;CASADO;2;Panadero
Louise;Meyer;C;1002003000;CLIENTE;El Angel;20/11/2013;M;NO;SOLTERO;0;Costurero
Joyce;Lawrence;C;1004002000;CLIENTE;Urcuqui;25/11/2013;M;NO;VIUDO;;Mecánico
Ryan;Hughes;C;1004002000;CLIENTE;Pimampiro;27/04/2014;F;NO;DIVORCIADO;4;Escultor
Alan;Banks;P;1002003000;GARANTE;Pimampiro;11/07/2014;M;NO;CASADO;;Tendero
Norma;Simmons;P;1004002000;CLIENTE;El Angel;27/05/2014;F;NO;VIUDO;4;Tendero
Aaron;Chavez;C;1004002000;CLIENTE;Urcuqui;28/05/2014;M;NO;SOLTERO;;Digitado
Gregory;Morales;C;1002003000;CLIENTE;Pimampiro;27/06/2014;M;NO;SOLTERO;;Digitado
Sara;Welch;C;1002003000;CLIENTE;El Angel;30/06/2014;F;NO;CASADO;;Artesano
Kathy;Clark;C;1004002000;GARANTE;El Angel;09/06/2014;F;NO;DIVORCIADO;2;Mecánico
Billy;Kelley;C;1004002000;GARANTE;;06/09/2014;F;NO;DIVORCIADO;;Carnicero
Debra;Bishop;C;1002003000;CLIENTE;Urcuqui;03/01/2014;M;;CASADO;3;Panadero
Kathy;Gilbert;C;1002003000;CLIENTE;Urcuqui;13/07/2014;M;SI;CASADO;1;Costurero
Joshua;Harris;C;1002003000;CLIENTE;Urcuqui;29/08/2014;M;NO;SOLTERO;0;Digitado
Todd;Murphy;C;1002003000;CLIENTE;El Angel;23/03/2014;M;NO;DIVORCIADO;2;Comerciante
Lois;Carroll;C;1002003000;CLIENTE;Mira;25/03/2014;M;SI;SOLTERO;;Costurero
Marilyn;Hill;C;1002003000;CLIENTE;El Angel;07/01/2014;M;SI;CASADO;;Comerciante
Joan;Gonzales;C;1002003000;GARANTE;El Angel;13/05/2014;M;SI;CASADO;3;Carnicero
Laura;Sanders;C;1002003000;CLIENTE;Pimampiro;08/05/2014;M;NO;CASADO;1;Tendero
Janice;Black;C;1004002000;CLIENTE;El Angel;08/09/2014;F;NO;SOLTERO;;Tendero
Patrick;Hamilton;C;1004002000;CLIENTE;Pimampiro;18/05/2014;M;NO;SOLTERO;;Costurero
Stephen;Ferguson;C;1004002000;CLIENTE;;28/08/2014;M;NO;CASADO;;Artesano
Angela;Wilson;P;1002003000;CLIENTE;El Angel;07/11/2014;M;NO;CASADO;3;Panadero
Katherine;White;C;1002003000;CLIENTE;Mira;06/11/2014;M;NO;SOLTERO;2;Tendero
Frank;Burns;C;1004002000;CLIENTE;Mira;21/04/2014;M;NO;CASADO;3;Tendero
Kenneth;Bell;P;1004002000;GARANTE;Mira;28/10/2014;F;NO;SOLTERO;1;Artesano
Sarah;Nichols;C;1004002000;CLIENTE;Mira;16/06/2014;M;NO;DIVORCIADO;;Heladero
Johnny;Morris;C;1004002000;CLIENTE;Mira;09/11/2014;M;NO;SOLTERO;3;Carnicero
Stephen;Meyer;P;1002003000;CLIENTE;Urcuqui;;F;NO;SOLTERO;3;Costurero
Lisa;Robertson;C;1002003000;CLIENTE;Mira;11/12/2013;M;SI;CASADO;3;Digitado
Patricia;Powell;P;1002003000;CLIENTE;El Angel;04/09/2014;M;SI;SOLTERO;;Costurero
Ruth;Medina;C;1004002000;CLIENTE;Urcuqui;10/03/2014;M;SI;CASADO;3;Panadero
Kelly;Nguyen;C;1002003000;CLIENTE;Pimampiro;11/05/2014;M;NO;SOLTERO;;Costurero
Tina;Kennedy;P;1004002000;CLIENTE;Mira;18/12/2013;M;NO;CASADO;;Heladero
Joyce;Gutierrez;C;1004002000;CLIENTE;El Angel;15/02/2014;M;NO;SOLTERO;;Artesano
Philip;Butler;C;1002003000;CLIENTE;Pimampiro;07/05/2014;M;NO;CASADO;0;Lechero
Jason;Freeman;C;1002003000;CLIENTE;Urcuqui;15/05/2014;M;;CASADO;2;Tendero
Phillip;Patterson;C;1004002000;CLIENTE;Urcuqui;27/05/2014;F;NO;VIUDO;;Escultor
Harry;Ramos;C;1004002000;CLIENTE;Pimampiro;05/12/2013;F;SI;CASADO;;Carnicero
Ann;Washington;C;1002003000;CLIENTE;Urcuqui;25/09/2014;F;SI;CASADO;3;Heladero
Diane;Allen;C;1002003000;CLIENTE;El Angel;02/08/2014;F;NO;CASADO;1;Costurero
Mary;Sims;C;1004002000;CLIENTE;El Angel;01/02/2014;F;NO;SOLTERO;2;Panadero
Tina;Clark;C;1004002000;CLIENTE;Urcuqui;20/03/2014;M;NO;VIUDO;2;Mecánico
Anna;Willis;C;1004002000;CLIENTE;Mira;28/02/2014;M;NO;SOLTERO;;Tendero
Rachel;Smith;C;1002003000;CLIENTE;Mira;16/03/2014;M;NO;CASADO;;Carnicero
Paul;Wood;P;1004002000;GARANTE;Pimampiro;13/02/2014;M;NO;SOLTERO;0;Panadero
Annie;Washington;C;1002003000;CLIENTE;Mira;22/06/2014;F;NO;SOLTERO;1;Escultor
Jonathan;Gilbert;P;1002003000;CLIENTE;El Angel;16/03/2014;M;NO;VIUDO;;Heladero
Melissa;Jenkins;C;1002003000;CLIENTE;Pimampiro;14/01/2014;F;NO;;2;Artesano
Anna;Sims;C;1004002000;CLIENTE;Pimampiro;31/08/2014;M;SI;SOLTERO;2;Heladero
Richard;Morales;C;1002003000;CLIENTE;Urcuqui;01/12/2013;M;NO;SOLTERO;;Lechero
Dorothy;Gomez;C;1002003000;CLIENTE;Pimampiro;29/06/2014;M;NO;VIUDO;4;Lechero
Kenneth;Ortiz;P;1004002000;CLIENTE;Pimampiro;08/06/2014;M;NO;SOLTERO;1;Tendero
Amy;Franklin;C;1004002000;CLIENTE;Mira;30/09/2014;M;NO;CASADO;4;Digitado
Arthur;Diaz;C;1002003000;CLIENTE;El Angel;23/02/2014;F;NO;SOLTERO;1;Comerciante
Jerry;Weaver;C;1004002000;GARANTE;Pimampiro;05/06/2014;M;SI;SOLTERO;;Costurero
Arthur;Oliver;C;1002003000;CLIENTE;Urcuqui;13/09/2014;M;NO;SOLTERO;;Digitado
Jacqueline;Ryan;C;1002003000;CLIENTE;Urcuqui;14/04/2014;F;NO;CASADO;1;Artesano
Heather;Carroll;C;1002003000;CLIENTE;Urcuqui;12/08/2014;F;NO;SOLTERO;3;Lechero
Jimmy;Chavez;P;1004002000;CLIENTE;;29/09/2014;F;NO;DIVORCIADO;2;Lechero
Irene;Elliott;C;1002003000;CLIENTE;Mira;18/11/2013;M;NO;SOLTERO;2;Escultor
Janet;Hunter;C;1004002000;CLIENTE;Urcuqui;03/06/2014;F;NO;CASADO;1;Comerciante
Sandra;Stanley;C;1002003000;CLIENTE;El Angel;;F;NO;SOLTERO;3;Escultor
Patrick;Watson;C;1002003000;CLIENTE;Mira;27/03/2014;M;NO;SOLTERO;0;Artesano
Kathy;Welch;C;1002003000;CLIENTE;Pimampiro;05/04/2014;F;SI;CASADO;;Mecánico
Richard;Alexander;C;1004002000;CLIENTE;Urcuqui;22/12/2013;M;SI;CASADO;3;Costurero
Antonio;Pierce;C;1002003000;CLIENTE;Pimampiro;17/02/2014;M;NO;CASADO;1;Digitado
Betty;Riley;C;1004002000;GARANTE;El Angel;13/04/2014;M;NO;SOLTERO;3;Digitado
Ralph;Mitchell;C;1004002000;GARANTE;El Angel;18/06/2014;M;SI;SOLTERO;;Panadero
Rebecca;Morales;C;1004002000;CLIENTE;Mira;03/08/2014;M;SI;SOLTERO;4;Mecánico
Jonathan;Nichols;C;1002003000;CLIENTE;Urcuqui;09/10/2014;F;NO;DIVORCIADO;;Digitado
Michael;Lewis;C;1002003000;CLIENTE;El Angel;02/04/2014;M;NO;CASADO;;Comerciante
Rebecca;Garza;C;1004002000;GARANTE;Pimampiro;27/05/2014;F;SI;SOLTERO;3;Escultor
Ruth;Rice;C;1002003000;CLIENTE;Pimampiro;30/09/2014;M;NO;CASADO;;Mecánico
Brandon;Murray;C;1004002000;GARANTE;Pimampiro;19/03/2014;M;NO;DIVORCIADO;2;Panadero
Lawrence;Warren;C;1002003000;CLIENTE;Urcuqui;28/10/2014;M;NO;CASADO;1;Panadero
Sarah;Dixon;C;1004002000;CLIENTE;Mira;23/12/2013;M;SI;CASADO;2;Artesano
Anna;Hicks;C;1002003000;CLIENTE;Mira;21/07/2014;F;NO;SOLTERO;;Digitado
Jimmy;Knight;C;1002003000;CLIENTE;Mira;17/11/2013;F;NO;SOLTERO;;Lechero
Robin;Frazier;C;1002003000;CLIENTE;El Angel;13/07/2014;F;SI;VIUDO;2;Costurero
Rebecca;Adams;C;1004002000;CLIENTE;Urcuqui;31/01/2014;F;NO;SOLTERO;2;Digitado
Lawrence;Moreno;C;1004002000;CLIENTE;Urcuqui;22/01/2014;M;NO;VIUDO;3;Mecánico
Douglas;Kim;C;1002003000;CLIENTE;Mira;22/08/2014;F;NO;SOLTERO;;Heladero
Bobby;Lee;C;1002003000;CLIENTE;El Angel;08/07/2014;M;SI;SOLTERO;0;Escultor
Steve;Cruz;C;1004002000;CLIENTE;Pimampiro;05/03/2014;F;NO;VIUDO;2;Heladero
Kimberly;Carter;C;1002003000;CLIENTE;El Angel;10/04/2014;F;NO;CASADO;;Costurero
Michelle;Robinson;C;1004002000;CLIENTE;Pimampiro;15/07/2014;M;NO;VIUDO;1;Tendero
Todd;Barnes;C;1002003000;CLIENTE;Urcuqui;02/10/2014;M;NO;SOLTERO;0;Artesano
Frances;Butler;C;1004002000;GARANTE;El Angel;26/02/2014;F;NO;;2;Artesano
Janet;Bennett;C;1002003000;CLIENTE;Pimampiro;19/04/2014;M;NO;CASADO;3;Digitado
Gregory;Mendoza;C;1002003000;CLIENTE;Mira;28/07/2014;F;NO;SOLTERO;4;Carnicero
Carlos;West;P;1002003000;GARANTE;Mira;13/03/2014;M;NO;SOLTERO;3;Mecánico
Sarah;Patterson;C;1002003000;CLIENTE;Mira;07/08/2014;M;NO;CASADO;1;Carnicero
Scott;Johnson;C;1004002000;GARANTE;Pimampiro;13/06/2014;M;SI;SOLTERO;;Lechero
Jacqueline;Kennedy;C;1004002000;CLIENTE;Pimampiro;29/01/2014;M;NO;CASADO;3;Comerciante
Joseph;Cook;P;1002003000;GARANTE;Pimampiro;23/09/2014;M;NO;SOLTERO;;Digitado
Michael;Ryan;C;1004002000;CLIENTE;Mira;01/09/2014;M;NO;SOLTERO;;Escultor
Angela;Bennett;P;1004002000;CLIENTE;Pimampiro;18/04/2014;M;NO;DIVORCIADO;;Escultor
Howard;Kelly;C;1004002000;CLIENTE;El Angel;24/01/2014;M;NO;CASADO;1;Escultor
Alan;Woods;C;1002003000;CLIENTE;Urcuqui;08/07/2014;F;NO;SOLTERO;3;Mecánico
Ruby;Nichols;C;1004002000;CLIENTE;Urcuqui;02/05/2014;M;NO;CASADO;3;Digitado
Kathleen;Frazier;C;1002003000;CLIENTE;Urcuqui;29/11/2013;M;SI;CASADO;;Lechero
Frances;Dixon;P;1002003000;GARANTE;Mira;;M;SI;CASADO;3;Tendero
Jesse;Gomez;C;1002003000;CLIENTE;El Angel;04/06/2014;F;NO;SOLTERO;1;Artesano
George;James;C;1002003000;CLIENTE;Urcuqui;18/03/2014;F;NO;CASADO;;Mecánico
Raymond;Mills;C;1002003000;CLIENTE;El Angel;05/04/2014;M;NO;SOLTERO;3;Escultor
Martha;Mccoy;C;1002003000;GARANTE;Mira;06/07/2014;M;NO;SOLTERO;1;Costurero
Denise;White;C;1002003000;CLIENTE;Mira;09/09/2014;M;NO;VIUDO;3;Costurero
Michelle;Ferguson;C;1004002000;CLIENTE;Urcuqui;20/04/2014;M;NO;CASADO;;Panadero
Todd;Morris;C;1004002000;CLIENTE;Pimampiro;09/11/2014;M;NO;DIVORCIADO;2;Artesano
James;Jacobs;P;1002003000;CLIENTE;El Angel;12/02/2014;F;NO;CASADO;;Escultor
Harold;Morrison;C;1004002000;CLIENTE;Urcuqui;01/05/2014;F;;SOLTERO;2;Lechero
Louise;Brown;C;1002003000;CLIENTE;Mira;21/01/2014;F;NO;VIUDO;;Tendero
Marie;Cooper;C;1004002000;GARANTE;El Angel;12/06/2014;F;SI;CASADO;2;Mecánico
Christina;Smith;C;1002003000;CLIENTE;Urcuqui;16/10/2014;F;NO;SOLTERO;;Panadero
William;Brooks;C;1002003000;CLIENTE;Urcuqui;11/06/2014;M;NO;VIUDO;0;Heladero
Jose;Daniels;C;1004002000;CLIENTE;Mira;28/05/2014;M;NO;SOLTERO;3;Comerciante
Anne;Woods;C;1004002000;CLIENTE;El Angel;31/01/2014;M;NO;VIUDO;4;Mecánico
Jimmy;Hart;C;1002003000;CLIENTE;Pimampiro;04/08/2014;M;NO;DIVORCIADO;0;Artesano
Jimmy;Fisher;C;1002003000;CLIENTE;Mira;31/01/2014;M;NO;CASADO;4;Costurero
Bruce;Austin;C;1004002000;CLIENTE;Mira;03/07/2014;F;NO;CASADO;0;Lechero
Ruth;Cruz;C;1004002000;CLIENTE;Pimampiro;14/06/2014;M;NO;SOLTERO;1;Lechero
Kevin;Lopez;C;1002003000;CLIENTE;Mira;08/11/2014;M;SI;CASADO;1;Panadero
Marie;Murphy;C;1004002000;CLIENTE;Mira;19/07/2014;M;NO;SOLTERO;2;Digitado
Jose;Armstrong;P;1004002000;CLIENTE;Pimampiro;02/11/2014;F;NO;DIVORCIADO;;Heladero
Howard;Griffin;C;1002003000;CLIENTE;Urcuqui;09/09/2014;M;NO;SOLTERO;2;Lechero
Anna;Brown;C;1004002000;CLIENTE;Mira;21/10/2014;M;NO;CASADO;;Costurero
Norma;Gomez;C;1002003000;CLIENTE;Mira;04/01/2014;M;NO;SOLTERO;;Tendero
Harry;Foster;C;1002003000;CLIENTE;Mira;31/10/2014;M;NO;CASADO;2;Panadero
Carlos;Rogers;C;1002003000;CLIENTE;Urcuqui;10/01/2014;F;NO;CASADO;2;Costurero
Ralph;Elliott;C;1002003000;GARANTE;Mira;24/09/2014;M;NO;VIUDO;3;Costurero
Antonio;Bell;C;1002003000;CLIENTE;Pimampiro;26/12/2013;M;NO;DIVORCIADO;2;Costurero
Ashley;Lynch;C;1004002000;GARANTE;El Angel;27/08/2014;M;NO;SOLTERO;;Tendero
Bruce;Henry;C;1002003000;CLIENTE;Pimampiro;18/02/2014;F;NO;SOLTERO;2;Lechero
Shirley;Lee;C;1004002000;CLIENTE;Pimampiro;06/04/2014;M;SI;SOLTERO;1;Escultor
Stephen;Cook;C;1004002000;CLIENTE;Urcuqui;06/05/2014;F;SI;VIUDO;4;Comerciante
George;Vasquez;C;1002003000;CLIENTE;Pimampiro;20/05/2014;F;NO;VIUDO;;Carnicero
Katherine;Hayes;C;1004002000;CLIENTE;Urcuqui;23/04/2014;F;NO;SOLTERO;2;Costurero
Virginia;Rodriguez;C;1002003000;CLIENTE;Pimampiro;15/02/2014;F;NO;SOLTERO;2;Costurero
Elizabeth;Murphy;C;1002003000;CLIENTE;Mira;;M;NO;SOLTERO;;Comerciante
Daniel;Henry;C;1002003000;CLIENTE;Urcuqui;18/07/2014;M;NO;DIVORCIADO;0;Digitado
Frances;Owens;P;1002003000;CLIENTE;Urcuqui;01/12/2013;F;NO;CASADO;;Comerciante
Kathy;Ramos;C;1002003000;CLIENTE;Pimampiro;25/10/2014;M;NO;CASADO;2;Carnicero
Dennis;Carr;C;1004002000;CLIENTE;Urcuqui;20/12/2013;F;NO;VIUDO;3;Panadero
Wayne;Watkins;C;1004002000;CLIENTE;El Angel;26/08/2014;F;NO;VIUDO;;Mecánico
Bruce;Thompson;C;1002003000;CLIENTE;El Angel;04/11/2014;F;NO;CASADO;1;Escultor
Marilyn;Morales;C;1002003000;GARANTE;El Angel;26/05/2014;F;NO;VIUDO;;Digitado
Joan;Ramos;C;1002003000;CLIENTE;Urcuqui;05/04/2014;M;SI;CASADO;;Heladero
Jessica;Austin;C;1002003000;CLIENTE;Pimampiro;23/10/2014;F;NO;CASADO;;Digitado
Angela;Reid;C;1002003000;CLIENTE;Pimampiro;18/06/2014;F;SI;CASADO;3;Artesano
Maria;Perkins;C;1004002000;CLIENTE;Pimampiro;23/06/2014;M;NO;CASADO;0;Carnicero
Katherine;Lawson;C;1004002000;CLIENTE;El Angel;25/02/2014;F;SI;CASADO;1;Mecánico
Willie;Ray;C;1002003000;CLIENTE;Mira;09/09/2014;M;NO;CASADO;3;Artesano
Chris;Carroll;C;1004002000;GARANTE;Mira;22/08/2014;M;NO;CASADO;1;Panadero
Brandon;Alexander;C;1002003000;CLIENTE;Urcuqui;21/05/2014;M;NO;VIUDO;1;Artesano
Juan;Hughes;C;1004002000;CLIENTE;Mira;10/03/2014;F;NO;VIUDO;;Carnicero
Beverly;Howard;C;1002003000;CLIENTE;Urcuqui;14/12/2013;F;NO;CASADO;4;Tendero
Douglas;Gibson;C;1002003000;CLIENTE;Mira;12/06/2014;M;NO;VIUDO;1;Escultor
Lisa;Watkins;C;1004002000;CLIENTE;El Angel;24/05/2014;F;NO;SOLTERO;;Digitado
Joan;Kelley;C;1002003000;GARANTE;Urcuqui;26/10/2014;F;NO;VIUDO;1;Comerciante
Sara;Armstrong;C;1002003000;CLIENTE;Urcuqui;06/12/2013;M;NO;SOLTERO;0;Carnicero
Rose;Ray;C;1004002000;CLIENTE;Pimampiro;;M;SI;SOLTERO;;Costurero
Tina;Owens;C;1004002000;CLIENTE;Pimampiro;12/01/2014;M;NO;CASADO;;Escultor
Tina;Turner;C;1002003000;CLIENTE;El Angel;27/07/2014;M;NO;VIUDO;1;Digitado
Doris;Hawkins;C;1002003000;GARANTE;Urcuqui;01/02/2014;F;SI;SOLTERO;4;Lechero
Martha;Hunter;C;1004002000;CLIENTE;Pimampiro;21/05/2014;M;SI;CASADO;1;Costurero
Amy;Wilson;C;1004002000;CLIENTE;Mira;29/04/2014;M;NO;SOLTERO;2;Comerciante
Brenda;Gonzalez;C;1002003000;CLIENTE;El Angel;29/10/2014;M;;SOLTERO;;Tendero
Ruth;Berry;C;1004002000;CLIENTE;Mira;30/07/2014;M;NO;CASADO;0;Lechero
Larry;Weaver;C;1002003000;CLIENTE;Mira;18/08/2014;F;NO;SOLTERO;1;Panadero
Karen;Ortiz;C;1004002000;CLIENTE;Mira;06/02/2014;F;NO;DIVORCIADO;;Escultor
Judith;Hunt;C;1004002000;CLIENTE;Pimampiro;26/04/2014;F;NO;SOLTERO;1;Digitado
Louise;Peters;C;1002003000;CLIENTE;El Angel;02/04/2014;M;NO;SOLTERO;0;Escultor
Martin;Brooks;P;1002003000;CLIENTE;El Angel;08/11/2014;M;NO;CASADO;3;Comerciante
Brandon;Bennett;C;1004002000;CLIENTE;El Angel;12/04/2014;M;NO;SOLTERO;;Escultor
Nicholas;Richardson;C;1004002000;CLIENTE;Mira;04/09/2014;M;SI;CASADO;2;Panadero
Ruth;Allen;C;1004002000;CLIENTE;Pimampiro;05/11/2014;M;NO;SOLTERO;;Digitado
Bruce;Stephens;P;1004002000;CLIENTE;Pimampiro;;F;NO;CASADO;1;Mecánico
Kevin;Nguyen;C;1002003000;CLIENTE;Urcuqui;26/09/2014;M;SI;;;Artesano
Amy;Hernandez;C;1002003000;CLIENTE;Mira;19/10/2014;M;NO;DIVORCIADO;;Mecánico
Helen;Armstrong;C;1002003000;GARANTE;Mira;25/01/2014;M;NO;SOLTERO;;Costurero
Benjamin;Reynolds;C;1002003000;CLIENTE;;14/12/2013;M;NO;CASADO;1;Panadero
George;Nguyen;C;1002003000;GARANTE;Urcuqui;10/11/2014;F;NO;VIUDO;0;Digitado
Maria;Fuller;C;1002003000;CLIENTE;Mira;08/07/2014;M;NO;CASADO;;Lechero
Randy;Jordan;C;1002003000;GARANTE;Mira;05/12/2013;M;;SOLTERO;1;Heladero
Jason;Bradley;C;1004002000;CLIENTE;Pimampiro;24/09/2014;F;NO;VIUDO;;Comerciante
Rose;Butler;C;1004002000;CLIENTE;Pimampiro;28/10/2014;M;NO;VIUDO;2;Heladero
Nancy;Hudson;C;1004002000;CLIENTE;Mira;24/03/2014;F;NO;VIUDO;2;Heladero
Harry;Henderson;P;1002003000;CLIENTE;Urcuqui;03/10/2014;F;;SOLTERO;4;Carnicero
Larry;Moore;C;1002003000;CLIENTE;Urcuqui;12/03/2014;M;NO;DIVORCIADO;;Costurero
Bobby;Snyder;C;1002003000;CLIENTE;El Angel;19/01/2014;M;NO;SOLTERO;4;Digitado
Catherine;Willis;C;1004002000;CLIENTE;;;M;NO;VIUDO;3;Mecánico
Douglas;Perry;C;1002003000;CLIENTE;Pimampiro;01/05/2014;M;SI;SOLTERO;2;Costurero
Nicole;Gordon;C;1002003000;CLIENTE;Pimampiro;06/04/2014;M;NO;VIUDO;1;Mecánico
Alice;Ford;C;1002003000;GARANTE;Pimampiro;31/07/2014;M;;DIVORCIADO;;Lechero
Bruce;Mcdonald;C;1002003000;CLIENTE;El Angel;30/11/2013;F;NO;CASADO;3;Tendero
Ronald;Sims;C;1002003000;CLIENTE;Mira;06/10/2014;M;NO;DIVORCIADO;;Digitado
Irene;Marshall;P;1004002000;CLIENTE;Urcuqui;07/07/2014;M;NO;CASADO;2;Artesano
Clarence;Cox;C;1002003000;CLIENTE;Pimampiro;24/11/2013;F;;DIVORCIADO;2;Comerciante
Billy;Perkins;C;1004002000;CLIENTE;El Angel;29/11/2013;M;NO;SOLTERO;;Lechero
Kathleen;Gonzales;C;1004002000;CLIENTE;Mira;29/07/2014;F;NO;SOLTERO;2;Heladero
Henry;Lynch;P;1002003000;CLIENTE;Mira;05/04/2014;M;NO;DIVORCIADO;;Heladero
Ryan;Henry;C;1002003000;CLIENTE;El Angel;07/05/2014;F;SI;CASADO;;Heladero
Jonathan;Webb;C;1002003000;CLIENTE;;29/01/2014;M;NO;CASADO;4;Digitado
Debra;Scott;C;1004002000;CLIENTE;El Angel;01/11/2014;F;NO;CASADO;0;Escultor
Gary;Anderson;C;1004002000;CLIENTE;Mira;10/11/2014;M;NO;SOLTERO;1;Costurero
Joshua;Perkins;C;1004002000;CLIENTE;Pimampiro;23/08/2014;F;SI;CASADO;;Carnicero
Jean;James;C;1002003000;CLIENTE;Pimampiro;28/11/2013;M;NO;SOLTERO;;Mecánico
Jack;Carroll;C;1004002000;GARANTE;Mira;18/11/2013;M;NO;SOLTERO;3;Lechero
Carol;Nelson;C;1004002000;CLIENTE;El Angel;16/02/2014;F;SI;SOLTERO;0;Mecánico
Katherine;Cole;C;1004002000;CLIENTE;Pimampiro;31/01/2014;M;NO;CASADO;;Tendero
Roger;Little;C;1004002000;CLIENTE;Pimampiro;03/11/2014;M;NO;DIVORCIADO;1;Comerciante
Barbara;Anderson;C;1004002000;CLIENTE;Mira;28/08/2014;F;NO;SOLTERO;;Costurero
Judith;Ryan;C;1002003000;CLIENTE;Mira;03/09/2014;M;SI;SOLTERO;3;Digitado
Kenneth;Knight;P;1002003000;CLIENTE;Mira;07/08/2014;M;NO;CASADO;1;Tendero
Pamela;Clark;C;1004002000;CLIENTE;Pimampiro;11/08/2014;M;NO;CASADO;2;Comerciante
Laura;Mcdonald;C;1002003000;CLIENTE;El Angel;16/06/2014;F;NO;DIVORCIADO;1;Heladero
Paul;Fuller;C;1002003000;CLIENTE;Pimampiro;12/07/2014;F;NO;VIUDO;;Heladero
Mary;Willis;C;1004002000;GARANTE;Pimampiro;19/07/2014;F;NO;VIUDO;;Carnicero
John;Anderson;P;1002003000;CLIENTE;Pimampiro;21/01/2014;M;SI;SOLTERO;4;Panadero
Beverly;White;C;1004002000;CLIENTE;El Angel;31/01/2014;M;NO;CASADO;1;Artesano
Frances;Coleman;C;1004002000;GARANTE;Mira;02/05/2014;F;NO;SOLTERO;4;Mecánico
Debra;Burke;C;1004002000;CLIENTE;Pimampiro;01/01/2014;M;NO;CASADO;;Digitado
Anna;Stone;C;1002003000;CLIENTE;Mira;10/08/2014;F;NO;VIUDO;2;Mecánico
Paul;Carr;C;1004002000;CLIENTE;Pimampiro;07/06/2014;M;NO;SOLTERO;;Digitado
Carol;Rodriguez;C;1004002000;CLIENTE;Mira;03/04/2014;M;NO;SOLTERO;1;Carnicero
David;Lee;C;1002003000;CLIENTE;El Angel;27/02/2014;F;NO;CASADO;;Costurero
Ralph;Mendoza;C;1002003000;CLIENTE;Pimampiro;02/03/2014;F;NO;DIVORCIADO;1;Heladero
Sharon;Shaw;C;1004002000;CLIENTE;Mira;08/11/2014;F;NO;CASADO;;Digitado
Amanda;Howard;P;1002003000;CLIENTE;El Angel;08/04/2014;F;NO;DIVORCIADO;0;Comerciante
Melissa;Dean;C;1002003000;CLIENTE;El Angel;27/12/2013;F;NO;SOLTERO;0;Heladero
Kimberly;Porter;C;1002003000;CLIENTE;Urcuqui;12/05/2014;F;NO;VIUDO;;Heladero
Clarence;Austin;C;1004002000;CLIENTE;Pimampiro;16/09/2014;M;NO;CASADO;2;Costurero
Joan;Richardson;C;1002003000;CLIENTE;El Angel;30/05/2014;F;NO;SOLTERO;;Escultor
Anne;Rice;C;1004002000;CLIENTE;Pimampiro;14/08/2014;M;NO;VIUDO;0;Costurero
Sharon;Palmer;P;1004002000;CLIENTE;El Angel;11/04/2014;F;SI;VIUDO;0;Artesano
Dennis;Lawson;C;1004002000;CLIENTE;Mira;31/10/2014;M;SI;CASADO;1;Comerciante
Anthony;Rose;C;1002003000;CLIENTE;Pimampiro;18/02/2014;F;NO;DIVORCIADO;2;Comerciante
Cheryl;Stewart;C;1004002000;CLIENTE;El Angel;28/07/2014;F;NO;DIVORCIADO;;Tendero
Jane;Hudson;C;1004002000;CLIENTE;Pimampiro;15/11/2013;M;NO;SOLTERO;2;Tendero
Peter;Jones;C;1004002000;CLIENTE;Pimampiro;07/06/2014;M;NO;CASADO;;Costurero
James;Johnson;C;1004002000;GARANTE;Pimampiro;25/11/2013;M;NO;CASADO;;Comerciante
Phillip;Ryan;C;1004002000;CLIENTE;;22/04/2014;F;NO;SOLTERO;;Comerciante
Andrew;Kelley;P;1002003000;CLIENTE;Mira;18/05/2014;M;NO;SOLTERO;0;Lechero
Craig;Duncan;C;1004002000;CLIENTE;Pimampiro;03/05/2014;M;NO;CASADO;4;Digitado
Nicole;White;C;1002003000;CLIENTE;El Angel;15/05/2014;F;NO;SOLTERO;4;Costurero
Lori;Fields;C;1002003000;CLIENTE;Urcuqui;19/04/2014;M;NO;SOLTERO;0;Carnicero
Sean;Hawkins;C;1004002000;CLIENTE;El Angel;29/08/2014;M;NO;VIUDO;3;Costurero
Dennis;Fowler;C;1004002000;CLIENTE;Pimampiro;10/03/2014;M;NO;SOLTERO;0;Carnicero
Clarence;Welch;C;1002003000;GARANTE;El Angel;10/02/2014;F;SI;CASADO;1;Lechero
Linda;Garza;C;1004002000;CLIENTE;Pimampiro;17/04/2014;M;SI;CASADO;;Artesano
Deborah;Hart;P;1004002000;CLIENTE;El Angel;29/03/2014;F;NO;CASADO;3;Digitado
Bonnie;Mcdonald;C;1004002000;CLIENTE;Urcuqui;11/02/2014;M;NO;SOLTERO;;Panadero
William;Diaz;C;1002003000;GARANTE;Pimampiro;22/10/2014;F;NO;SOLTERO;2;Artesano
Julia;Porter;C;1004002000;CLIENTE;Mira;15/10/2014;M;NO;VIUDO;3;Digitado
Roger;Foster;C;1002003000;CLIENTE;Urcuqui;09/11/2014;F;NO;VIUDO;;Heladero
Nicholas;Barnes;P;1002003000;GARANTE;Pimampiro;31/01/2014;F;NO;SOLTERO;4;Artesano
Marilyn;Hunter;P;1004002000;CLIENTE;El Angel;11/05/2014;M;NO;SOLTERO;0;Panadero
Terry;Perry;P;1004002000;CLIENTE;Mira;15/08/2014;M;NO;SOLTERO;2;Lechero
Ruby;Robertson;C;1002003000;CLIENTE;Mira;20/01/2014;M;NO;CASADO;;Escultor
Charles;Ford;C;1002003000;CLIENTE;El Angel;04/09/2014;M;NO;CASADO;;Escultor
Lori;Reyes;P;1004002000;CLIENTE;El Angel;08/01/2014;M;NO;DIVORCIADO;2;Escultor
Antonio;Robinson;P;1002003000;CLIENTE;Pimampiro;27/09/2014;M;NO;;3;Costurero
Joe;Stanley;C;1004002000;CLIENTE;Pimampiro;17/12/2013;M;NO;CASADO;;Carnicero
Sara;Chavez;P;1002003000;GARANTE;Urcuqui;24/04/2014;M;NO;CASADO;3;Escultor
Catherine;Armstrong;C;1002003000;CLIENTE;Urcuqui;18/10/2014;M;NO;SOLTERO;;Comerciante
David;Gomez;C;1004002000;CLIENTE;Pimampiro;01/01/2014;F;NO;SOLTERO;3;Panadero
Annie;Ford;C;1002003000;CLIENTE;Pimampiro;23/12/2013;M;NO;VIUDO;2;Escultor
Susan;Fernandez;C;1004002000;CLIENTE;Mira;27/12/2013;M;NO;CASADO;2;Tendero
Kevin;Boyd;C;1004002000;CLIENTE;Mira;11/09/2014;F;NO;VIUDO;;Lechero
Craig;Olson;C;1004002000;CLIENTE;Urcuqui;10/11/2014;M;NO;CASADO;3;Artesano
Kevin;Moore;C;1002003000;CLIENTE;Mira;18/08/2014;M;NO;CASADO;;Comerciante
Lori;Freeman;C;1002003000;CLIENTE;Urcuqui;30/12/2013;M;NO;SOLTERO;2;Panadero
Todd;Webb;C;1002003000;CLIENTE;Urcuqui;24/10/2014;F;SI;CASADO;;Mecánico
Karen;Bishop;C;1002003000;CLIENTE;Pimampiro;28/09/2014;F;NO;CASADO;3;Tendero
Adam;Williamson;C;1002003000;CLIENTE;El Angel;;M;;VIUDO;;Lechero
Sarah;Richardson;C;1004002000;CLIENTE;Urcuqui;14/03/2014;M;NO;DIVORCIADO;0;Digitado
Ralph;Pierce;C;1002003000;CLIENTE;Pimampiro;21/12/2013;F;SI;CASADO;;Artesano
Stephen;Long;C;1002003000;CLIENTE;El Angel;03/08/2014;M;SI;;;Carnicero
Tammy;Jackson;C;1004002000;GARANTE;Pimampiro;08/08/2014;M;SI;CASADO;0;Heladero
Judith;Sanders;C;1002003000;CLIENTE;El Angel;21/12/2013;M;NO;CASADO;;Digitado
Patrick;Gonzales;C;1004002000;CLIENTE;El Angel;19/09/2014;F;NO;CASADO;4;Carnicero
Sean;Day;C;1004002000;CLIENTE;Pimampiro;22/06/2014;M;NO;SOLTERO;2;Digitado
Arthur;Carter;P;1002003000;GARANTE;Urcuqui;10/04/2014;M;NO;SOLTERO;3;Digitado
Matthew;Rivera;C;1004002000;CLIENTE;Mira;07/07/2014;F;SI;CASADO;;Carnicero
Russell;Turner;C;1004002000;CLIENTE;Pimampiro;20/04/2014;F;NO;CASADO;1;Artesano
Joan;Jordan;C;1002003000;CLIENTE;Pimampiro;03/05/2014;M;NO;SOLTERO;1;Heladero
Richard;Ortiz;C;1002003000;CLIENTE;Urcuqui;28/05/2014;M;SI;SOLTERO;;Panadero
Samuel;Snyder;C;1002003000;CLIENTE;Pimampiro;12/01/2014;F;NO;CASADO;2;Comerciante
Deborah;Bell;C;1002003000;CLIENTE;Mira;25/04/2014;F;NO;SOLTERO;2;Escultor
Norma;Patterson;P;1004002000;CLIENTE;Pimampiro;04/07/2014;F;NO;VIUDO;2;Carnicero
Justin;Austin;C;1004002000;GARANTE;El Angel;13/04/2014;F;SI;CASADO;2;Tendero
Rebecca;Stone;C;1004002000;CLIENTE;El Angel;20/12/2013;M;NO;VIUDO;2;Comerciante
Jimmy;Reynolds;C;1002003000;CLIENTE;El Angel;13/08/2014;F;NO;SOLTERO;;Lechero
Phyllis;Gonzalez;C;1002003000;CLIENTE;El Angel;03/11/2014;F;NO;CASADO;;Carnicero
Terry;Kennedy;C;1002003000;GARANTE;El Angel;12/09/2014;F;NO;SOLTERO;;Costurero
Ronald;Ward;C;1004002000;CLIENTE;Pimampiro;22/02/2014;M;NO;CASADO;3;Tendero
Phyllis;Morris;C;1004002000;CLIENTE;Pimampiro;02/03/2014;F;NO;CASADO;0;Digitado
Frank;Stevens;C;1002003000;CLIENTE;El Angel;07/05/2014;M;NO;CASADO;1;Mecánico
Anne;Ortiz;C;1004002000;CLIENTE;Pimampiro;11/05/2014;M;NO;CASADO;1;Comerciante
Adam;Payne;P;1002003000;CLIENTE;Mira;16/01/2014;F;NO;CASADO;;Lechero
Brenda;Dunn;C;1004002000;CLIENTE;Urcuqui;05/07/2014;M;NO;SOLTERO;2;Lechero
Chris;Wright;C;1004002000;CLIENTE;Urcuqui;19/12/2013;F;SI;SOLTERO;0;Heladero
Andrea;Perry;C;1004002000;CLIENTE;Mira;05/03/2014;M;NO;VIUDO;2;Artesano
Mildred;Taylor;C;1002003000;GARANTE;Pimampiro;17/11/2013;M;NO;SOLTERO;0;Artesano
Melissa;Reyes;C;1004002000;CLIENTE;El Angel;26/12/2013;F;NO;SOLTERO;0;Tendero
Roy;Young;C;1002003000;CLIENTE;Pimampiro;12/03/2014;F;NO;DIVORCIADO;4;Costurero
Elizabeth;Hill;C;1004002000;GARANTE;;23/07/2014;F;NO;CASADO;;Lechero
Patricia;Harris;P;1004002000;CLIENTE;El Angel;06/05/2014;F;SI;;2;Mecánico
Patricia;Dixon;C;1002003000;CLIENTE;Mira;13/11/2014;M;NO;CASADO;;Carnicero
Barbara;Tucker;C;1002003000;CLIENTE;;06/09/2014;M;NO;VIUDO;2;Mecánico
Jane;Ford;C;1004002000;CLIENTE;El Angel;07/08/2014;M;NO;SOLTERO;2;Panadero
Brenda;Daniels;C;1002003000;CLIENTE;Pimampiro;17/01/2014;M;NO;CASADO;;Heladero
Heather;Brown;C;1004002000;CLIENTE;El Angel;24/07/2014;M;NO;SOLTERO;4;Heladero
Irene;Smith;C;1004002000;CLIENTE;;12/12/2013;F;NO;SOLTERO;1;Digitado
Nancy;Reid;C;1002003000;CLIENTE;Pimampiro;11/03/2014;F;SI;SOLTERO;;Mecánico
Jeremy;Peterson;C;1004002000;CLIENTE;El Angel;22/04/2014;M;NO;CASADO;3;Carnicero
Marilyn;Banks;C;1004002000;CLIENTE;El Angel;17/06/2014;F;NO;DIVORCIADO;3;Digitado
Howard;Alexander;C;1002003000;CLIENTE;El Angel;09/07/2014;M;NO;CASADO;3;Carnicero
Teresa;West;C;1002003000;CLIENTE;El Angel;16/05/2014;F;NO;CASADO;1;Comerciante
Carl;Freeman;C;1002003000;CLIENTE;El Angel;05/12/2013;M;NO;CASADO;3;Tendero
Tina;Chapman;C;1004002000;CLIENTE;Pimampiro;21/03/2014;M;NO;CASADO;;Lechero
Albert;Reid;C;1004002000;CLIENTE;;05/05/2014;M;NO;SOLTERO;;Mecánico
Johnny;Kelley;C;1004002000;CLIENTE;El Angel;12/07/2014;M;NO;DIVORCIADO;4;Panadero
Ashley;Hicks;C;1004002000;CLIENTE;Urcuqui;04/11/2014;F;NO;CASADO;3;Costurero
Melissa;Peterson;C;1004002000;CLIENTE;Urcuqui;02/05/2014;M;NO;;1;Artesano
Amanda;Rodriguez;C;1002003000;CLIENTE;Urcuqui;09/11/2014;M;NO;SOLTERO;;Carnicero
Phyllis;Morrison;P;1004002000;GARANTE;El Angel;26/02/2014;F;NO;CASADO;;Digitado
Theresa;Mcdonald;P;1002003000;CLIENTE;Urcuqui;17/05/2014;F;NO;VIUDO;3;Heladero
Craig;Coleman;C;1002003000;CLIENTE;Urcuqui;11/03/2014;M;NO;SOLTERO;;Digitado
Carolyn;Howard;P;1002003000;CLIENTE;Urcuqui;15/03/2014;M;NO;SOLTERO;2;Comerciante
Anna;Rice;C;1004002000;CLIENTE;Mira;17/10/2014;M;NO;CASADO;2;Escultor
Mary;Moore;C;1002003000;CLIENTE;Urcuqui;22/04/2014;F;NO;SOLTERO;0;Lechero
Charles;Stewart;C;1004002000;CLIENTE;Pimampiro;06/08/2014;M;NO;VIUDO;;Escultor
Rachel;Young;P;1002003000;CLIENTE;;20/11/2013;F;NO;CASADO;2;Tendero
